Payout Date,Payout ID,Status,Charges,Refunds,Adjustments,Fees,Total,Currency
2026-08-03,PO-20260803,paid,8942.05,-287.13,0.00,-180.13,8474.79,GBP
2026-08-04,PO-20260804,paid,3168.55,-80.95,0.00,-62.26,3025.34,GBP
2026-08-05,PO-20260805,paid,4049.65,-35.14,0.00,-83.14,3931.37,GBP
2026-08-06,PO-20260806,paid,2592.55,-38.54,0.00,-50.20,2503.81,GBP
2026-08-07,PO-20260807,paid,3766.40,-51.75,0.00,-79.21,3635.44,GBP
2026-08-10,PO-20260810,paid,9294.20,-434.34,-41.95,-205.02,8612.89,GBP
2026-08-11,PO-20260811,paid,3507.80,-8.71,0.00,-67.95,3431.14,GBP
2026-08-12,PO-20260812,paid,3763.80,-117.15,0.00,-74.89,3571.76,GBP
2026-08-13,PO-20260813,paid,3896.35,-45.95,0.00,-81.55,3768.85,GBP
2026-08-14,PO-20260814,paid,3603.30,-216.15,-113.65,-84.36,3189.14,GBP
2026-08-17,PO-20260817,paid,8566.75,-232.68,0.00,-176.72,8157.35,GBP
2026-08-18,PO-20260818,paid,2549.10,-172.57,0.00,-53.65,2322.88,GBP
2026-08-19,PO-20260819,paid,4010.10,-175.50,0.00,-78.19,3756.41,GBP
2026-08-20,PO-20260820,paid,3859.64,-55.99,0.00,-75.49,3728.16,GBP
2026-08-21,PO-20260821,paid,3556.70,-104.53,0.00,-66.76,3385.41,GBP
2026-08-24,PO-20260824,paid,9725.05,-318.88,0.00,-199.14,9207.03,GBP
2026-08-25,PO-20260825,paid,2425.95,-117.95,0.00,-50.83,2257.17,GBP
2026-08-26,PO-20260826,paid,3103.50,-30.37,-66.00,-80.99,2926.14,GBP
2026-08-27,PO-20260827,paid,3431.25,-178.79,0.00,-72.17,3180.29,GBP
2026-08-28,PO-20260828,paid,3635.65,-5.35,0.00,-69.52,3560.78,GBP
2026-08-31,PO-20260831,paid,8209.18,-268.33,0.00,-170.46,7770.39,GBP
