Order,Created,Status,SKU,Product,Qty,Price,Gross,Discount,Refund,Net revenue,Unit cost,COGS,Gross profit
#2001,2026-08-15 14:40:00 -0400,paid,MO-WCK-001,Wick Trimmer,1,14,14,0,0,14,5.2,5.2,8.800000000000001
#2002,2026-08-23 19:41:00 -0400,paid,MO-CND-001,Cedar Candle 8oz,2,24,48,0,0,48,7.4,14.8,33.2
#2002,2026-08-23 19:41:00 -0400,paid,MO-WCK-001,Wick Trimmer,2,14,28,0,0,28,5.2,10.4,17.6
#2003,2026-08-09 15:58:00 -0400,paid,MO-DIF-001,Reed Diffuser,1,32,32,0,0,32,11.2,11.2,20.8
#2003,2026-08-09 15:58:00 -0400,paid,MO-CND-001,Cedar Candle 8oz,1,24,24,0,0,24,7.4,7.4,16.6
#2003,2026-08-09 15:58:00 -0400,paid,MO-MAT-001,Match Cloche,1,12,12,0,0,12,4.8,4.8,7.2
#2004,2026-08-12 09:59:00 -0400,paid,MO-WCK-001,Wick Trimmer,1,14,14,0,0,14,5.2,5.2,8.800000000000001
#2004,2026-08-12 09:59:00 -0400,paid,MO-CND-010,Travel Tin Trio,1,19.5,19.5,0,0,19.5,6.1,6.1,13.4
#2005,2026-08-08 08:32:00 -0400,paid,MO-DIF-001,Reed Diffuser,2,32,64,0,0,64,11.2,22.4,41.6
#2005,2026-08-08 08:32:00 -0400,paid,MO-MAT-001,Match Cloche,1,12,12,0,0,12,4.8,4.8,7.2
#2006,2026-08-25 17:34:00 -0400,paid,MO-CND-010,Travel Tin Trio,1,19.5,19.5,0,0,19.5,6.1,6.1,13.4
#2007,2026-08-14 16:17:00 -0400,paid,MO-WCK-001,Wick Trimmer,1,14,14,0,0,14,5.2,5.2,8.800000000000001
#2009,2026-08-01 16:20:00 -0400,paid,MO-CND-010,Travel Tin Trio,2,19.5,39,0,0,39,6.1,12.2,26.8
#2010,2026-08-06 09:08:00 -0400,paid,MO-MAT-001,Match Cloche,1,12,12,0,0,12,4.8,4.8,7.2
#2010,2026-08-06 09:08:00 -0400,paid,MO-CND-010,Travel Tin Trio,1,19.5,19.5,0,0,19.5,6.1,6.1,13.4
#2012,2026-08-24 20:05:00 -0400,paid,MO-CND-010,Travel Tin Trio,1,19.5,19.5,0,0,19.5,6.1,6.1,13.4
#2013,2026-08-25 14:26:00 -0400,paid,MO-CND-001,Cedar Candle 8oz,1,24,24,0,0,24,7.4,7.4,16.6
#2013,2026-08-25 14:26:00 -0400,paid,MO-SMP-001,Sample Votive,1,0,0,0,0,0,1.1,1.1,-1.1
#2014,2026-08-11 13:00:00 -0400,paid,MO-WCK-001,Wick Trimmer,1,14,14,0,0,14,5.2,5.2,8.800000000000001
#2015,2026-08-04 10:30:00 -0400,paid,MO-DIF-001,Reed Diffuser,2,32,64,0,0,64,11.2,22.4,41.6
#2015,2026-08-04 10:30:00 -0400,paid,MO-WCK-001,Wick Trimmer,1,14,14,0,0,14,5.2,5.2,8.800000000000001
#2015,2026-08-04 10:30:00 -0400,paid,MO-SMP-001,Sample Votive,1,0,0,0,0,0,1.1,1.1,-1.1
#2016,2026-08-10 13:42:00 -0400,paid,MO-WCK-001,Wick Trimmer,2,14,28,0,0,28,5.2,10.4,17.6
#2016,2026-08-10 13:42:00 -0400,paid,MO-CND-001,Cedar Candle 8oz,1,24,24,0,0,24,7.4,7.4,16.6
#2016,2026-08-10 13:42:00 -0400,paid,MO-CND-010,Travel Tin Trio,1,19.5,19.5,0,0,19.5,6.1,6.1,13.4
#2017,2026-08-21 09:16:00 -0400,paid,MO-DIF-001,Reed Diffuser,2,32,64,0,0,64,11.2,22.4,41.6
#2018,2026-08-12 16:39:00 -0400,paid,MO-CND-002,Fig Candle 8oz,1,24,24,0,0,24,7.9,7.9,16.1
#2018,2026-08-12 16:39:00 -0400,paid,MO-DIF-001,Reed Diffuser,1,32,32,0,0,32,11.2,11.2,20.8
#2018,2026-08-12 16:39:00 -0400,paid,MO-CND-001,Cedar Candle 8oz,1,24,24,0,0,24,7.4,7.4,16.6
#2019,2026-08-21 17:49:00 -0400,paid,MO-DIF-001,Reed Diffuser,1,32,32,0,0,32,11.2,11.2,20.8
#2020,2026-08-06 13:36:00 -0400,paid,MO-DIF-001,Reed Diffuser,2,32,64,5,0,59,11.2,22.4,36.6
#2020,2026-08-06 13:36:00 -0400,paid,MO-SMP-001,Sample Votive,1,0,0,0,0,0,1.1,1.1,-1.1
#2021,2026-08-29 08:10:00 -0400,paid,MO-CND-001,Cedar Candle 8oz,1,24,24,0,0,24,7.4,7.4,16.6
#2021,2026-08-29 08:10:00 -0400,paid,MO-WCK-001,Wick Trimmer,2,14,28,0,0,28,5.2,10.4,17.6
#2021,2026-08-29 08:10:00 -0400,paid,MO-SMP-001,Sample Votive,1,0,0,0,0,0,1.1,1.1,-1.1
#2022,2026-08-08 08:52:00 -0400,paid,MO-MAT-001,Match Cloche,1,12,12,0,0,12,4.8,4.8,7.2
#2023,2026-08-06 14:50:00 -0400,paid,MO-MAT-001,Match Cloche,1,12,12,0,0,12,4.8,4.8,7.2
#2023,2026-08-06 14:50:00 -0400,paid,MO-CND-010,Travel Tin Trio,1,19.5,19.5,0,0,19.5,6.1,6.1,13.4
#2024,2026-08-20 18:53:00 -0400,paid,MO-WCK-001,Wick Trimmer,1,14,14,0,0,14,5.2,5.2,8.800000000000001
#2024,2026-08-20 18:53:00 -0400,paid,MO-MAT-001,Match Cloche,1,12,12,0,0,12,4.8,4.8,7.2
#2024,2026-08-20 18:53:00 -0400,paid,MO-CND-002,Fig Candle 8oz,1,24,24,0,0,24,7.9,7.9,16.1
#2025,2026-08-20 17:33:00 -0400,paid,MO-CND-001,Cedar Candle 8oz,2,24,48,0,0,48,7.4,14.8,33.2
#2025,2026-08-20 17:33:00 -0400,paid,MO-DIF-001,Reed Diffuser,1,32,32,0,0,32,11.2,11.2,20.8
#2025,2026-08-20 17:33:00 -0400,paid,MO-MAT-001,Match Cloche,2,12,24,0,0,24,4.8,9.6,14.4
#2026,2026-08-05 18:07:00 -0400,paid,MO-DIF-001,Reed Diffuser,1,32,32,0,0,32,11.2,11.2,20.8
#2027,2026-08-06 12:00:00 -0400,paid,MO-MAT-001,Match Cloche,1,12,12,0,0,12,4.8,4.8,7.2
#2027,2026-08-06 12:00:00 -0400,paid,MO-DIF-001,Reed Diffuser,2,32,64,0,0,64,11.2,22.4,41.6
#2027,2026-08-06 12:00:00 -0400,paid,MO-SMP-001,Sample Votive,1,0,0,0,0,0,1.1,1.1,-1.1
#2028,2026-08-14 14:32:00 -0400,paid,MO-CND-001,Cedar Candle 8oz,1,24,24,0,0,24,7.4,7.4,16.6
#2028,2026-08-14 14:32:00 -0400,paid,MO-MAT-001,Match Cloche,2,12,24,0,0,24,4.8,9.6,14.4
#2029,2026-08-29 14:10:00 -0400,paid,MO-MAT-001,Match Cloche,1,12,12,0,0,12,4.8,4.8,7.2
#2030,2026-08-16 08:38:00 -0400,paid,MO-DIF-001,Reed Diffuser,2,32,64,0,0,64,11.2,22.4,41.6
#2030,2026-08-16 08:38:00 -0400,paid,MO-MAT-001,Match Cloche,1,12,12,0,0,12,4.8,4.8,7.2
#2031,2026-08-24 09:59:00 -0400,paid,MO-MAT-001,Match Cloche,1,12,12,0,0,12,4.8,4.8,7.2
#2032,2026-08-12 16:25:00 -0400,paid,MO-WCK-001,Wick Trimmer,1,14,14,0,0,14,5.2,5.2,8.800000000000001
#2032,2026-08-12 16:25:00 -0400,paid,MO-CND-010,Travel Tin Trio,1,19.5,19.5,0,0,19.5,6.1,6.1,13.4
#2032,2026-08-12 16:25:00 -0400,paid,MO-CND-002,Fig Candle 8oz,2,24,48,0,0,48,7.9,15.8,32.2
#2033,2026-08-08 13:26:00 -0400,paid,MO-CND-002,Fig Candle 8oz,1,24,24,2.758620689655173,0,21.24137931034483,7.9,7.9,13.34137931034483
#2033,2026-08-08 13:26:00 -0400,paid,MO-CND-010,Travel Tin Trio,1,19.5,19.5,2.241379310344827,0,17.25862068965517,6.1,6.1,11.15862068965517
#2034,2026-08-14 09:19:00 -0400,paid,MO-WCK-001,Wick Trimmer,1,14,14,0,0,14,5.2,5.2,8.800000000000001
#2035,2026-08-09 10:31:00 -0400,paid,MO-DIF-001,Reed Diffuser,1,32,32,0,0,32,11.2,11.2,20.8
#2035,2026-08-09 10:31:00 -0400,paid,MO-CND-002,Fig Candle 8oz,1,24,24,0,0,24,7.9,7.9,16.1
#2035,2026-08-09 10:31:00 -0400,paid,MO-CND-001,Cedar Candle 8oz,1,24,24,0,0,24,7.4,7.4,16.6
#2036,2026-08-18 14:01:00 -0400,paid,MO-CND-010,Travel Tin Trio,2,19.5,39,0,0,39,6.1,12.2,26.8
#2036,2026-08-18 14:01:00 -0400,paid,MO-MAT-001,Match Cloche,1,12,12,0,0,12,4.8,4.8,7.2
#2037,2026-08-27 13:59:00 -0400,paid,MO-CND-001,Cedar Candle 8oz,2,24,48,0,0,48,7.4,14.8,33.2
#2037,2026-08-27 13:59:00 -0400,paid,MO-MAT-001,Match Cloche,1,12,12,0,0,12,4.8,4.8,7.2
#2037,2026-08-27 13:59:00 -0400,paid,MO-CND-002,Fig Candle 8oz,2,24,48,0,0,48,7.9,15.8,32.2
#2038,2026-08-05 09:07:00 -0400,refunded,MO-CND-001,Cedar Candle 8oz,1,24,24,0,24,0,7.4,7.4,-7.4
#2038,2026-08-05 09:07:00 -0400,refunded,MO-MAT-001,Match Cloche,1,12,12,0,12,0,4.8,4.8,-4.8
#2039,2026-08-20 18:03:00 -0400,paid,MO-WCK-001,Wick Trimmer,1,14,14,0,0,14,5.2,5.2,8.800000000000001
#2039,2026-08-20 18:03:00 -0400,paid,MO-SMP-001,Sample Votive,1,0,0,0,0,0,1.1,1.1,-1.1
#2040,2026-08-25 21:46:00 -0400,paid,MO-DIF-001,Reed Diffuser,2,32,64,0,0,64,11.2,22.4,41.6
#2040,2026-08-25 21:46:00 -0400,paid,MO-CND-010,Travel Tin Trio,1,19.5,19.5,0,0,19.5,6.1,6.1,13.4
#2041,2026-08-09 18:50:00 -0400,paid,MO-MAT-001,Match Cloche,2,12,24,0,0,24,4.8,9.6,14.4
#2041,2026-08-09 18:50:00 -0400,paid,MO-CND-002,Fig Candle 8oz,2,24,48,0,0,48,7.9,15.8,32.2
#2042,2026-08-11 10:26:00 -0400,paid,MO-CND-002,Fig Candle 8oz,1,24,24,0,0,24,7.9,7.9,16.1
#2043,2026-08-25 15:22:00 -0400,paid,MO-MAT-001,Match Cloche,2,12,24,0,0,24,4.8,9.6,14.4
#2045,2026-08-27 17:03:00 -0400,paid,MO-MAT-001,Match Cloche,1,12,12,0,0,12,4.8,4.8,7.2
#2046,2026-08-25 10:55:00 -0400,paid,MO-WCK-001,Wick Trimmer,2,14,28,0,0,28,5.2,10.4,17.6
#2046,2026-08-25 10:55:00 -0400,paid,MO-CND-001,Cedar Candle 8oz,1,24,24,0,0,24,7.4,7.4,16.6
#2046,2026-08-25 10:55:00 -0400,paid,MO-CND-010,Travel Tin Trio,2,19.5,39,0,0,39,6.1,12.2,26.8
#2046,2026-08-25 10:55:00 -0400,paid,MO-SMP-001,Sample Votive,1,0,0,0,0,0,1.1,1.1,-1.1
#2047,2026-08-26 13:33:00 -0400,paid,MO-CND-002,Fig Candle 8oz,1,24,24,0,0,24,7.9,7.9,16.1
#2047,2026-08-26 13:33:00 -0400,paid,MO-CND-010,Travel Tin Trio,2,19.5,39,0,0,39,6.1,12.2,26.8
#2047,2026-08-26 13:33:00 -0400,paid,MO-SMP-001,Sample Votive,1,0,0,0,0,0,1.1,1.1,-1.1
#2048,2026-08-20 14:30:00 -0400,paid,MO-MAT-001,Match Cloche,2,12,24,0,0,24,4.8,9.6,14.4
#2048,2026-08-20 14:30:00 -0400,paid,MO-WCK-001,Wick Trimmer,1,14,14,0,0,14,5.2,5.2,8.800000000000001
#2049,2026-08-24 09:11:00 -0400,partially_refunded,MO-DIF-001,Reed Diffuser,2,32,64,0,5.647058823529411,58.35294117647059,11.2,22.4,35.95294117647059
#2049,2026-08-24 09:11:00 -0400,partially_refunded,MO-CND-002,Fig Candle 8oz,2,24,48,0,4.235294117647059,43.76470588235294,7.9,15.8,27.96470588235294
#2049,2026-08-24 09:11:00 -0400,partially_refunded,MO-CND-001,Cedar Candle 8oz,1,24,24,0,2.117647058823529,21.88235294117647,7.4,7.4,14.48235294117647
#2050,2026-08-09 09:59:00 -0400,paid,MO-CND-010,Travel Tin Trio,1,19.5,19.5,0,0,19.5,6.1,6.1,13.4
#2051,2026-08-19 09:05:00 -0400,paid,MO-CND-002,Fig Candle 8oz,1,24,24,0,0,24,7.9,7.9,16.1
#2051,2026-08-19 09:05:00 -0400,paid,MO-CND-001,Cedar Candle 8oz,1,24,24,0,0,24,7.4,7.4,16.6
#2051,2026-08-19 09:05:00 -0400,paid,MO-DIF-001,Reed Diffuser,2,32,64,0,0,64,11.2,22.4,41.6
#2052,2026-08-30 15:00:00 -0400,paid,MO-CND-001,Cedar Candle 8oz,1,24,24,0,0,24,7.4,7.4,16.6
#2052,2026-08-30 15:00:00 -0400,paid,MO-WCK-001,Wick Trimmer,2,14,28,0,0,28,5.2,10.4,17.6
#2052,2026-08-30 15:00:00 -0400,paid,MO-CND-002,Fig Candle 8oz,1,24,24,0,0,24,7.9,7.9,16.1
#2053,2026-08-17 20:21:00 -0400,paid,MO-CND-001,Cedar Candle 8oz,2,24,48,0,0,48,7.4,14.8,33.2
#2053,2026-08-17 20:21:00 -0400,paid,MO-WCK-001,Wick Trimmer,1,14,14,0,0,14,5.2,5.2,8.800000000000001
#2053,2026-08-17 20:21:00 -0400,paid,MO-DIF-001,Reed Diffuser,1,32,32,0,0,32,11.2,11.2,20.8
#2054,2026-08-29 19:29:00 -0400,paid,MO-CND-002,Fig Candle 8oz,1,24,24,0,0,24,7.9,7.9,16.1
#2054,2026-08-29 19:29:00 -0400,paid,MO-MAT-001,Match Cloche,2,12,24,0,0,24,4.8,9.6,14.4
#2054,2026-08-29 19:29:00 -0400,paid,MO-DIF-001,Reed Diffuser,1,32,32,0,0,32,11.2,11.2,20.8
#2055,2026-08-03 11:07:00 -0400,paid,MO-CND-010,Travel Tin Trio,1,19.5,19.5,0,0,19.5,6.1,6.1,13.4
#2055,2026-08-03 11:07:00 -0400,paid,MO-DIF-001,Reed Diffuser,2,32,64,0,0,64,11.2,22.4,41.6
#2056,2026-08-09 21:06:00 -0400,paid,MO-WCK-001,Wick Trimmer,1,14,14,0,0,14,5.2,5.2,8.800000000000001
#2057,2026-08-16 08:10:00 -0400,paid,MO-CND-001,Cedar Candle 8oz,1,24,24,0,0,24,7.4,7.4,16.6
#2057,2026-08-16 08:10:00 -0400,paid,MO-MAT-001,Match Cloche,2,12,24,0,0,24,4.8,9.6,14.4
#2058,2026-08-03 17:24:00 -0400,paid,MO-CND-001,Cedar Candle 8oz,1,24,24,0,0,24,7.4,7.4,16.6
#2058,2026-08-03 17:24:00 -0400,paid,MO-DIF-001,Reed Diffuser,2,32,64,0,0,64,11.2,22.4,41.6
#2058,2026-08-03 17:24:00 -0400,paid,MO-MAT-001,Match Cloche,1,12,12,0,0,12,4.8,4.8,7.2
#2059,2026-08-05 17:15:00 -0400,paid,MO-CND-001,Cedar Candle 8oz,2,24,48,0,0,48,7.4,14.8,33.2
#2059,2026-08-05 17:15:00 -0400,paid,MO-MAT-001,Match Cloche,2,12,24,0,0,24,4.8,9.6,14.4
#2060,2026-08-16 19:41:00 -0400,paid,MO-CND-002,Fig Candle 8oz,2,24,48,0,0,48,7.9,15.8,32.2
#2061,2026-08-03 14:48:00 -0400,paid,MO-CND-001,Cedar Candle 8oz,2,24,48,0,0,48,7.4,14.8,33.2
#2062,2026-08-11 12:09:00 -0400,paid,MO-CND-001,Cedar Candle 8oz,1,24,24,0,0,24,7.4,7.4,16.6
#2063,2026-08-24 17:16:00 -0400,paid,MO-DIF-001,Reed Diffuser,1,32,32,0,0,32,11.2,11.2,20.8
#2063,2026-08-24 17:16:00 -0400,paid,MO-MAT-001,Match Cloche,1,12,12,0,0,12,4.8,4.8,7.2
#2063,2026-08-24 17:16:00 -0400,paid,MO-WCK-001,Wick Trimmer,1,14,14,0,0,14,5.2,5.2,8.800000000000001
#2063,2026-08-24 17:16:00 -0400,paid,MO-SMP-001,Sample Votive,1,0,0,0,0,0,1.1,1.1,-1.1
#2064,2026-08-26 19:10:00 -0400,paid,MO-DIF-001,Reed Diffuser,2,32,64,0,0,64,11.2,22.4,41.6
#2064,2026-08-26 19:10:00 -0400,paid,MO-CND-001,Cedar Candle 8oz,1,24,24,0,0,24,7.4,7.4,16.6
#2064,2026-08-26 19:10:00 -0400,paid,MO-CND-010,Travel Tin Trio,2,19.5,39,0,0,39,6.1,12.2,26.8
#2065,2026-08-14 20:47:00 -0400,paid,MO-MAT-001,Match Cloche,1,12,12,0,0,12,4.8,4.8,7.2
#2065,2026-08-14 20:47:00 -0400,paid,MO-WCK-001,Wick Trimmer,1,14,14,0,0,14,5.2,5.2,8.800000000000001
#2066,2026-08-31 16:05:00 -0400,paid,MO-DIF-001,Reed Diffuser,2,32,64,0,0,64,11.2,22.4,41.6
#2066,2026-08-31 16:05:00 -0400,paid,MO-CND-002,Fig Candle 8oz,2,24,48,0,0,48,7.9,15.8,32.2
#2066,2026-08-31 16:05:00 -0400,paid,MO-WCK-001,Wick Trimmer,2,14,28,0,0,28,5.2,10.4,17.6
#2067,2026-08-30 20:40:00 -0400,paid,MO-CND-010,Travel Tin Trio,2,19.5,39,0,0,39,6.1,12.2,26.8
#2068,2026-08-09 11:10:00 -0400,paid,MO-DIF-001,Reed Diffuser,2,32,64,0,0,64,11.2,22.4,41.6
#2069,2026-08-05 16:10:00 -0400,paid,MO-WCK-001,Wick Trimmer,1,14,14,0,0,14,5.2,5.2,8.800000000000001
#2069,2026-08-05 16:10:00 -0400,paid,MO-MAT-001,Match Cloche,1,12,12,0,0,12,4.8,4.8,7.2
#2070,2026-08-19 18:57:00 -0400,paid,MO-DIF-001,Reed Diffuser,2,32,64,0,0,64,11.2,22.4,41.6
#2070,2026-08-19 18:57:00 -0400,paid,MO-CND-010,Travel Tin Trio,1,19.5,19.5,0,0,19.5,6.1,6.1,13.4
#2070,2026-08-19 18:57:00 -0400,paid,MO-CND-002,Fig Candle 8oz,1,24,24,0,0,24,7.9,7.9,16.1
Source: files/orders_export.csv + files/cogs.csv · built [run date]
