SKU,Product,Units,List price,Unit cost,Gross sales,Discounts,Refunds,Net revenue,COGS,Gross profit,Margin
MO-SMP-001,Sample Votive,9,0,1.1,0,-0,-0,0,9.9,-9.9,
MO-MAT-001,Match Cloche,34,12,4.8,408,-0,-12,396,163.2,232.8,0.5878787878787879
MO-WCK-001,Wick Trimmer,27,14,5.2,378,-0,-0,378,140.4,237.6,0.6285714285714286
MO-CND-010,Travel Tin Trio,24,19.5,6.1,468,-2.241379310344827,-0,465.7586206896552,146.4,319.3586206896552,0.6856740949137484
MO-CND-002,Fig Candle 8oz,22,24,7.9,528,-2.758620689655173,-4.235294117647059,521.0060851926978,173.8,347.2060851926978,0.6664146447815118
MO-CND-001,Cedar Candle 8oz,28,24,7.4,672,-0,-26.11764705882353,645.8823529411765,207.2,438.6823529411764,0.6791985428051001
MO-DIF-001,Reed Diffuser,39,32,11.2,1248,-5,-5.647058823529411,1237.35294117647,436.8,800.5529411764705,0.6469883527454243
TOTAL,183,3702,-10,-48,3644,1277.7,2366.3,0.6493688254665203
Source: files/orders_export.csv + files/cogs.csv · built [run date] · sorted worst gross profit first
