SKU,Product,Units,Orders,Shelf price (incl VAT),Shelf price ex VAT,Unit cost,Margin per unit at shelf price,Gross sales (incl VAT),Discounts,Refunds,Net revenue ex VAT,COGS,Gross profit,Gross margin %,Status
STR-STL-001,Steel Strainer,20,13,6.5,5.46218487394958,7.1,-1.63781512605042,130,-1.3,-0,108.1512605042017,142,-33.8487394957983,-0.3129759129759127,LOSES MONEY
TEA-MAT-030,Matcha 30g,8,7,24,20.16806722689076,9.699999999999999,10.46806722689076,192,-0,-0,161.344537815126,77.59999999999999,83.74453781512605,0.5190416666666667,profitable
TEA-GRN-100,Green Tea 100g,13,10,12.9,10.84033613445378,4.1,6.740336134453782,167.7,-2.58,-0,138.7563025210084,53.3,85.4563025210084,0.6158733042635659,profitable
CUP-CER-001,Ceramic Cup,14,11,18,15.12605042016807,7.5,7.626050420168069,252,-1.8,-0,210.2521008403361,105,105.2521008403361,0.500599520383693,profitable
TEA-OOL-050,Oolong 50g,16,12,16,13.4453781512605,6.2,7.245378151260504,256,-4.800000000000001,-0,211.0924369747899,99.2,111.8924369747899,0.530063694267516,profitable
TEA-BLK-100,Black Tea 100g,26,18,11.5,9.663865546218489,3.8,5.863865546218489,299,-0,-0,251.2605042016807,98.8,152.4605042016807,0.6067826086956521,profitable
POT-GLS-600,Glass Teapot 600ml,19,13,34,28.57142857142857,15.9,12.67142857142857,646,-0,-0,542.8571428571429,302.1,240.7571428571429,0.4435,profitable
SET-GFT-001,Gift Set,16,13,49,41.1764705882353,n/a,n/a,784,-9.800000000000001,-10,642.1848739495799,n/a,n/a,n/a,n/a - no unit cost
TOTAL,132,2726.7,-20.28,-10,2265.899159663866,878,745.7142857142858,totals exclude n/a rows for COGS/profit
"Source: uploaded files (orders_export.csv, cogs.csv). Built [run date]."
