Order,Date,SKU,Product,Qty,Price (incl VAT),Line gross,Discount alloc,Refund alloc,Net incl VAT,Net ex VAT,Unit cost,Line COGS,Line profit
#1001,2026-08-26,CUP-CER-001,Ceramic Cup,2,18,36,-0,-0,36,30.25210084033614,7.5,15,15.25210084033614
#1001,2026-08-26,TEA-OOL-050,Oolong 50g,1,16,16,-0,-0,16,13.4453781512605,6.2,6.2,7.245378151260504
#1002,2026-08-27,TEA-BLK-100,Black Tea 100g,1,11.5,11.5,-0,-0,11.5,9.663865546218489,3.8,3.8,5.863865546218489
#1003,2026-08-09,SET-GFT-001,Gift Set,2,49,98,-0,-0,98,82.35294117647059,n/a,n/a,n/a
#1004,2026-08-20,TEA-BLK-100,Black Tea 100g,2,11.5,23,-0,-0,23,19.32773109243698,3.8,7.6,11.72773109243698
#1005,2026-08-14,TEA-GRN-100,Green Tea 100g,1,12.9,12.9,-0,-0,12.9,10.84033613445378,4.1,4.1,6.740336134453782
#1005,2026-08-14,STR-STL-001,Steel Strainer,2,6.5,13,-0,-0,13,10.92436974789916,7.1,14.2,-3.275630252100839
#1006,2026-08-20,TEA-BLK-100,Black Tea 100g,1,11.5,11.5,-0,-0,11.5,9.663865546218489,3.8,3.8,5.863865546218489
#1006,2026-08-20,CUP-CER-001,Ceramic Cup,1,18,18,-0,-0,18,15.12605042016807,7.5,7.5,7.626050420168069
#1007,2026-08-12,STR-STL-001,Steel Strainer,3,6.5,19.5,-0,-0,19.5,16.38655462184874,7.1,21.3,-4.913445378151255
#1008,2026-08-10,TEA-BLK-100,Black Tea 100g,1,11.5,11.5,-0,-0,11.5,9.663865546218489,3.8,3.8,5.863865546218489
#1009,2026-08-31,TEA-OOL-050,Oolong 50g,2,16,32,-0,-0,32,26.89075630252101,6.2,12.4,14.49075630252101
#1009,2026-08-31,STR-STL-001,Steel Strainer,1,6.5,6.5,-0,-0,6.5,5.46218487394958,7.1,7.1,-1.63781512605042
#1010,2026-08-09,TEA-OOL-050,Oolong 50g,2,16,32,-0,-0,32,26.89075630252101,6.2,12.4,14.49075630252101
#1010,2026-08-09,TEA-MAT-030,Matcha 30g,2,24,48,-0,-0,48,40.33613445378151,9.699999999999999,19.4,20.93613445378151
#1010,2026-08-09,TEA-BLK-100,Black Tea 100g,1,11.5,11.5,-0,-0,11.5,9.663865546218489,3.8,3.8,5.863865546218489
#1011,2026-08-21,POT-GLS-600,Glass Teapot 600ml,1,34,34,-0,-0,34,28.57142857142857,15.9,15.9,12.67142857142857
#1012,2026-08-29,CUP-CER-001,Ceramic Cup,1,18,18,-0,-0,18,15.12605042016807,7.5,7.5,7.626050420168069
#1014,2026-08-20,TEA-OOL-050,Oolong 50g,1,16,16,-0,-0,16,13.4453781512605,6.2,6.2,7.245378151260504
#1014,2026-08-20,STR-STL-001,Steel Strainer,1,6.5,6.5,-0,-0,6.5,5.46218487394958,7.1,7.1,-1.63781512605042
#1015,2026-08-21,CUP-CER-001,Ceramic Cup,2,18,36,-0,-0,36,30.25210084033614,7.5,15,15.25210084033614
#1015,2026-08-21,SET-GFT-001,Gift Set,1,49,49,-0,-0,49,41.1764705882353,n/a,n/a,n/a
#1016,2026-08-28,TEA-BLK-100,Black Tea 100g,2,11.5,23,-0,-0,23,19.32773109243698,3.8,7.6,11.72773109243698
#1017,2026-08-16,TEA-BLK-100,Black Tea 100g,2,11.5,23,-0,-0,23,19.32773109243698,3.8,7.6,11.72773109243698
#1018,2026-08-16,CUP-CER-001,Ceramic Cup,1,18,18,-0,-0,18,15.12605042016807,7.5,7.5,7.626050420168069
#1018,2026-08-16,TEA-MAT-030,Matcha 30g,1,24,24,-0,-0,24,20.16806722689076,9.699999999999999,9.699999999999999,10.46806722689076
#1019,2026-08-18,TEA-GRN-100,Green Tea 100g,1,12.9,12.9,-0,-0,12.9,10.84033613445378,4.1,4.1,6.740336134453782
#1019,2026-08-18,POT-GLS-600,Glass Teapot 600ml,2,34,68,-0,-0,68,57.14285714285715,15.9,31.8,25.34285714285715
#1019,2026-08-18,TEA-MAT-030,Matcha 30g,1,24,24,-0,-0,24,20.16806722689076,9.699999999999999,9.699999999999999,10.46806722689076
#1020,2026-08-26,TEA-GRN-100,Green Tea 100g,1,12.9,12.9,-0,-0,12.9,10.84033613445378,4.1,4.1,6.740336134453782
#1022,2026-08-23,TEA-BLK-100,Black Tea 100g,1,11.5,11.5,-0,-0,11.5,9.663865546218489,3.8,3.8,5.863865546218489
#1023,2026-08-23,SET-GFT-001,Gift Set,1,49,49,-0,-0,49,41.1764705882353,n/a,n/a,n/a
#1023,2026-08-23,TEA-BLK-100,Black Tea 100g,2,11.5,23,-0,-0,23,19.32773109243698,3.8,7.6,11.72773109243698
#1024,2026-08-14,POT-GLS-600,Glass Teapot 600ml,1,34,34,-0,-0,34,28.57142857142857,15.9,15.9,12.67142857142857
#1025,2026-08-01,POT-GLS-600,Glass Teapot 600ml,2,34,68,-0,-0,68,57.14285714285715,15.9,31.8,25.34285714285715
#1025,2026-08-01,CUP-CER-001,Ceramic Cup,1,18,18,-0,-0,18,15.12605042016807,7.5,7.5,7.626050420168069
#1026,2026-08-18,TEA-GRN-100,Green Tea 100g,1,12.9,12.9,-0,-0,12.9,10.84033613445378,4.1,4.1,6.740336134453782
#1027,2026-08-29,POT-GLS-600,Glass Teapot 600ml,2,34,68,-0,-0,68,57.14285714285715,15.9,31.8,25.34285714285715
#1028,2026-08-06,TEA-GRN-100,Green Tea 100g,1,12.9,12.9,-0,-0,12.9,10.84033613445378,4.1,4.1,6.740336134453782
#1028,2026-08-06,POT-GLS-600,Glass Teapot 600ml,1,34,34,-0,-0,34,28.57142857142857,15.9,15.9,12.67142857142857
#1029,2026-08-07,CUP-CER-001,Ceramic Cup,1,18,18,-0,-0,18,15.12605042016807,7.5,7.5,7.626050420168069
#1029,2026-08-07,TEA-OOL-050,Oolong 50g,1,16,16,-0,-0,16,13.4453781512605,6.2,6.2,7.245378151260504
#1030,2026-08-22,SET-GFT-001,Gift Set,1,49,49,-0,-10,39,32.77310924369748,n/a,n/a,n/a
#1031,2026-08-26,CUP-CER-001,Ceramic Cup,1,18,18,-0,-0,18,15.12605042016807,7.5,7.5,7.626050420168069
#1032,2026-08-12,SET-GFT-001,Gift Set,1,49,49,-0,-0,49,41.1764705882353,n/a,n/a,n/a
#1033,2026-08-27,TEA-BLK-100,Black Tea 100g,1,11.5,11.5,-0,-0,11.5,9.663865546218489,3.8,3.8,5.863865546218489
#1033,2026-08-27,POT-GLS-600,Glass Teapot 600ml,1,34,34,-0,-0,34,28.57142857142857,15.9,15.9,12.67142857142857
#1033,2026-08-27,SET-GFT-001,Gift Set,1,49,49,-0,-0,49,41.1764705882353,n/a,n/a,n/a
#1034,2026-08-06,TEA-MAT-030,Matcha 30g,1,24,24,-0,-0,24,20.16806722689076,9.699999999999999,9.699999999999999,10.46806722689076
#1035,2026-08-25,SET-GFT-001,Gift Set,1,49,49,-4.9,-0,44.1,37.05882352941177,n/a,n/a,n/a
#1036,2026-08-23,TEA-BLK-100,Black Tea 100g,2,11.5,23,-0,-0,23,19.32773109243698,3.8,7.6,11.72773109243698
#1037,2026-08-27,TEA-OOL-050,Oolong 50g,1,16,16,-0,-0,16,13.4453781512605,6.2,6.2,7.245378151260504
#1037,2026-08-27,TEA-BLK-100,Black Tea 100g,1,11.5,11.5,-0,-0,11.5,9.663865546218489,3.8,3.8,5.863865546218489
#1037,2026-08-27,SET-GFT-001,Gift Set,1,49,49,-0,-0,49,41.1764705882353,n/a,n/a,n/a
#1038,2026-08-26,CUP-CER-001,Ceramic Cup,2,18,36,-0,-0,36,30.25210084033614,7.5,15,15.25210084033614
#1039,2026-08-14,TEA-OOL-050,Oolong 50g,2,16,32,-3.2,-0,28.8,24.20168067226891,6.2,12.4,11.80168067226891
#1040,2026-08-07,TEA-BLK-100,Black Tea 100g,1,11.5,11.5,-0,-0,11.5,9.663865546218489,3.8,3.8,5.863865546218489
#1040,2026-08-07,POT-GLS-600,Glass Teapot 600ml,1,34,34,-0,-0,34,28.57142857142857,15.9,15.9,12.67142857142857
#1040,2026-08-07,TEA-OOL-050,Oolong 50g,1,16,16,-0,-0,16,13.4453781512605,6.2,6.2,7.245378151260504
#1041,2026-08-04,TEA-GRN-100,Green Tea 100g,2,12.9,25.8,-0,-0,25.8,21.68067226890756,4.1,8.199999999999999,13.48067226890756
#1043,2026-08-16,STR-STL-001,Steel Strainer,2,6.5,13,-1.3,-0,11.7,9.831932773109244,7.1,14.2,-4.368067226890755
#1043,2026-08-16,TEA-GRN-100,Green Tea 100g,2,12.9,25.8,-2.58,-0,23.22,19.5126050420168,4.1,8.199999999999999,11.31260504201681
#1044,2026-08-19,SET-GFT-001,Gift Set,1,49,49,-0,-0,49,41.1764705882353,n/a,n/a,n/a
#1044,2026-08-19,TEA-GRN-100,Green Tea 100g,1,12.9,12.9,-0,-0,12.9,10.84033613445378,4.1,4.1,6.740336134453782
#1045,2026-08-01,STR-STL-001,Steel Strainer,2,6.5,13,-0,-0,13,10.92436974789916,7.1,14.2,-3.275630252100839
#1045,2026-08-01,TEA-GRN-100,Green Tea 100g,2,12.9,25.8,-0,-0,25.8,21.68067226890756,4.1,8.199999999999999,13.48067226890756
#1045,2026-08-01,TEA-BLK-100,Black Tea 100g,1,11.5,11.5,-0,-0,11.5,9.663865546218489,3.8,3.8,5.863865546218489
#1046,2026-08-03,TEA-GRN-100,Green Tea 100g,1,12.9,12.9,-0,-0,12.9,10.84033613445378,4.1,4.1,6.740336134453782
#1047,2026-08-21,STR-STL-001,Steel Strainer,2,6.5,13,-0,-0,13,10.92436974789916,7.1,14.2,-3.275630252100839
#1047,2026-08-21,TEA-MAT-030,Matcha 30g,1,24,24,-0,-0,24,20.16806722689076,9.699999999999999,9.699999999999999,10.46806722689076
#1048,2026-08-11,STR-STL-001,Steel Strainer,1,6.5,6.5,-0,-0,6.5,5.46218487394958,7.1,7.1,-1.63781512605042
#1048,2026-08-11,TEA-BLK-100,Black Tea 100g,2,11.5,23,-0,-0,23,19.32773109243698,3.8,7.6,11.72773109243698
#1049,2026-08-25,TEA-MAT-030,Matcha 30g,1,24,24,-0,-0,24,20.16806722689076,9.699999999999999,9.699999999999999,10.46806722689076
#1049,2026-08-25,POT-GLS-600,Glass Teapot 600ml,2,34,68,-0,-0,68,57.14285714285715,15.9,31.8,25.34285714285715
#1049,2026-08-25,TEA-BLK-100,Black Tea 100g,2,11.5,23,-0,-0,23,19.32773109243698,3.8,7.6,11.72773109243698
#1050,2026-08-30,SET-GFT-001,Gift Set,1,49,49,-4.9,-0,44.1,37.05882352941177,n/a,n/a,n/a
#1051,2026-08-14,STR-STL-001,Steel Strainer,1,6.5,6.5,-0,-0,6.5,5.46218487394958,7.1,7.1,-1.63781512605042
#1051,2026-08-14,TEA-OOL-050,Oolong 50g,1,16,16,-0,-0,16,13.4453781512605,6.2,6.2,7.245378151260504
#1051,2026-08-14,POT-GLS-600,Glass Teapot 600ml,1,34,34,-0,-0,34,28.57142857142857,15.9,15.9,12.67142857142857
#1052,2026-08-23,TEA-BLK-100,Black Tea 100g,1,11.5,11.5,-0,-0,11.5,9.663865546218489,3.8,3.8,5.863865546218489
#1052,2026-08-23,POT-GLS-600,Glass Teapot 600ml,2,34,68,-0,-0,68,57.14285714285715,15.9,31.8,25.34285714285715
#1052,2026-08-23,STR-STL-001,Steel Strainer,1,6.5,6.5,-0,-0,6.5,5.46218487394958,7.1,7.1,-1.63781512605042
#1053,2026-08-05,CUP-CER-001,Ceramic Cup,1,18,18,-1.8,-0,16.2,13.61344537815126,7.5,7.5,6.11344537815126
#1054,2026-08-22,STR-STL-001,Steel Strainer,2,6.5,13,-0,-0,13,10.92436974789916,7.1,14.2,-3.275630252100839
#1055,2026-08-27,POT-GLS-600,Glass Teapot 600ml,1,34,34,-0,-0,34,28.57142857142857,15.9,15.9,12.67142857142857
#1055,2026-08-27,SET-GFT-001,Gift Set,1,49,49,-0,-0,49,41.1764705882353,n/a,n/a,n/a
#1055,2026-08-27,TEA-OOL-050,Oolong 50g,1,16,16,-0,-0,16,13.4453781512605,6.2,6.2,7.245378151260504
#1056,2026-08-25,CUP-CER-001,Ceramic Cup,1,18,18,-0,-0,18,15.12605042016807,7.5,7.5,7.626050420168069
#1056,2026-08-25,SET-GFT-001,Gift Set,2,49,98,-0,-0,98,82.35294117647059,n/a,n/a,n/a
#1056,2026-08-25,TEA-OOL-050,Oolong 50g,2,16,32,-0,-0,32,26.89075630252101,6.2,12.4,14.49075630252101
#1057,2026-08-22,STR-STL-001,Steel Strainer,1,6.5,6.5,-0,-0,6.5,5.46218487394958,7.1,7.1,-1.63781512605042
#1057,2026-08-22,SET-GFT-001,Gift Set,2,49,98,-0,-0,98,82.35294117647059,n/a,n/a,n/a
#1058,2026-08-31,TEA-BLK-100,Black Tea 100g,2,11.5,23,-0,-0,23,19.32773109243698,3.8,7.6,11.72773109243698
#1058,2026-08-31,STR-STL-001,Steel Strainer,1,6.5,6.5,-0,-0,6.5,5.46218487394958,7.1,7.1,-1.63781512605042
#1059,2026-08-30,POT-GLS-600,Glass Teapot 600ml,2,34,68,-0,-0,68,57.14285714285715,15.9,31.8,25.34285714285715
#1059,2026-08-30,TEA-MAT-030,Matcha 30g,1,24,24,-0,-0,24,20.16806722689076,9.699999999999999,9.699999999999999,10.46806722689076
#1060,2026-08-06,TEA-OOL-050,Oolong 50g,1,16,16,-1.6,-0,14.4,12.10084033613446,6.2,6.2,5.900840336134455
