Order,Type,Order total,Adjustment
#1021,Voided — excluded from all totals,22.9,0
#1030,Partial refund,49,-10
#1042,Full refund,60.5,-60.5
#1013,"Tagged 'test' — included, confirm it was a real sale",80.90000000000001,0
#1035,Discount WELCOME10,44.1,-4.9
#1039,Discount WELCOME10,33.7,-3.2
#1043,Discount WELCOME10,39.82,-3.88
#1050,Discount WELCOME10,44.1,-4.9
#1053,Discount WELCOME10,21.1,-1.8
#1060,Discount WELCOME10,19.3,-1.6
"Source: Shopify orders export (files/orders_export.csv), August 2026. Built [run date]. Amounts in EUR; prices VAT-inclusive at 19%."
