SKU,Product,List price,Unit cost,Unit margin,Units,Orders,Gross sales,Discounts,Refunds (ex tax),Net revenue,COGS,Gross profit,Gross margin %,Status
MO-SMP-001,Sample Votive,0,1.1,-1.1,9,9,0,0,0,0,9.9,-9.9,n/a,LOSES MONEY
MO-MAT-001,Match Cloche,12,4.8,7.2,33,25,396,0,0,396,158.4,237.6,0.6,profitable
MO-WCK-001,Wick Trimmer,14,5.2,8.800000000000001,27,21,378,0,0,378,140.4,237.6,0.6285714285714287,profitable
MO-CND-010,Travel Tin Trio,19.5,6.1,13.4,24,18,468,2.241379310344827,0,465.7586206896552,146.4,319.3586206896552,0.6856740949137484,profitable
MO-CND-002,Fig Candle 8oz,24,7.9,16.1,22,16,528,2.758620689655173,3.948992184286302,521.2923871260585,173.8,347.4923871260585,0.6665978550767291,profitable
MO-CND-001,Cedar Candle 8oz,24,7.4,16.6,27,21,648,0,1.974496092143151,646.0255039078569,199.8,446.2255039078569,0.690724284426242,profitable
MO-DIF-001,Reed Diffuser,32,11.2,20.8,39,24,1248,5,5.265322912381736,1237.734677087618,436.8,800.9346770876183,0.6470972268242596,profitable
TOTAL,181,3666,10,11.18881118881119,3644.811188811189,1265.5,2379.311188811189,0.6527940860462618
Source: files/orders_export.csv (Shopify export) + files/cogs.csv · built [run date]
