SKU,Product,Status,Orders,Units,Shelf price incl VAT,Shelf price ex VAT,Unit cost,Profit per unit (actual),Net revenue ex VAT,COGS,Gross profit,Margin
STR-STL-001,Steel Strainer,LOSS,13,20,6.5,5.46218487394958,7.1,-1.692436974789916,108.1512605042017,142,-33.84873949579831,-0.3129759129759129
SET-GFT-001,Gift Set,NO COST,13,16,49,41.1764705882353,642.1848739495799
TEA-MAT-030,Matcha 30g,OK,7,8,24,20.16806722689076,9.699999999999999,10.46806722689075,161.344537815126,77.60000000000001,83.74453781512604,0.5190416666666666
TEA-GRN-100,Green Tea 100g,OK,10,13,12.9,10.84033613445378,4.1,6.573561732385262,138.7563025210084,53.3,85.45630252100841,0.6158733042635659
CUP-CER-001,Ceramic Cup,OK,11,14,18,15.12605042016807,7.5,7.518007202881153,210.2521008403361,105,105.2521008403361,0.500599520383693
TEA-OOL-050,Oolong 50g,OK,12,16,16,13.4453781512605,6.2,6.99327731092437,211.0924369747899,99.20000000000002,111.8924369747899,0.5300636942675159
TEA-BLK-100,Black Tea 100g,OK,18,26,11.5,9.663865546218489,3.8,5.86386554621849,251.2605042016807,98.79999999999998,152.4605042016807,0.6067826086956523
POT-GLS-600,Glass Teapot 600ml,OK,13,19,34,28.57142857142857,15.9,12.67142857142857,542.8571428571429,302.1,240.7571428571429,0.4435
Total (costed products),1623.714285714286,878,745.7142857142858,0.4592644729896182
"Source: orders_export.csv (Shopify export), cogs.csv. Pulled [run date]."
