Date,Orders shipped,Net sales (ex VAT)
2026-08-01,41,2191.175
2026-08-02,52,2832.875
2026-08-03,57,3309.883333333334
2026-08-04,42,2446.541666666667
2026-08-05,55,2830.541666666667
2026-08-06,61,3137.183333333333
2026-08-07,47,2655.591666666667
2026-08-08,45,2536.166666666667
2026-08-09,50,3028.258333333334
2026-08-10,54,3003.808333333333
2026-08-11,59,3290.341666666667
2026-08-12,55,3005.883333333334
2026-08-13,55,2776.775
2026-08-14,44,2270.266666666667
2026-08-15,45,2234.133333333333
2026-08-16,48,2252.083333333333
2026-08-17,57,3573.416666666667
2026-08-18,51,3223.908333333333
2026-08-19,50,3208.25
2026-08-20,50,2810.625
2026-08-21,50,2879.333333333333
2026-08-22,59,2696
2026-08-23,42,1891.416666666667
2026-08-24,48,2559.75
2026-08-25,60,2863.125
2026-08-26,45,2935.333333333333
2026-08-27,45,2270.333333333333
2026-08-28,49,2489.916666666667
2026-08-29,50,2579.983333333334
2026-08-30,43,2495.583333333333
2026-08-31,46,2838
"Source: Shopify orders export (files/orders_export.csv), rules from store_definitions.json. Built [run date]."
