Name,month,status,Financial Status,Fulfillment Status,Payment Method,Tags,Total,Refunded Amount,Created at
#30044,2026-06,Cancelled / voided (never shipped),voided,unfulfilled,Shopify Payments,48.95,0,2026-06-01 20:48:00 +0100
#30141,2026-06,Cancelled / voided (never shipped),voided,unfulfilled,Shopify Payments,176,0,2026-06-03 22:29:00 +0100
#30188,2026-06,Test order,paid,fulfilled,Shopify Payments,test,77.22,0,2026-06-05 07:59:00 +0100
#30191,2026-06,Cancelled / voided (never shipped),refunded,unfulfilled,Shopify Payments,41.95,41.95,2026-06-05 09:51:00 +0100
#30315,2026-06,Cancelled / voided (never shipped),voided,unfulfilled,Shopify Payments,34.95,0,2026-06-08 08:46:00 +0100
#30657,2026-06,Test order,paid,fulfilled,Bogus Gateway (for testing),14.95,0,2026-06-15 21:02:00 +0100
#30739,2026-06,Cancelled / voided (never shipped),refunded,unfulfilled,Shopify Payments,52,52,2026-06-17 14:30:00 +0100
#30932,2026-06,Test order,paid,fulfilled,Shopify Payments,test,32.95,0,2026-06-21 21:57:00 +0100
#30982,2026-06,Cancelled / voided (never shipped),voided,unfulfilled,Shopify Payments,13.55,0,2026-06-23 09:39:00 +0100
#31259,2026-06,Cancelled / voided (never shipped),voided,unfulfilled,Shopify Payments,33.45,0,2026-06-28 21:27:00 +0100
#31327,2026-06,Cancelled / voided (never shipped),refunded,unfulfilled,Shopify Payments,76,76,2026-06-30 12:19:00 +0100
#31404,2026-07,Test order,paid,fulfilled,Bogus Gateway (for testing),248,0,2026-07-02 09:38:00 +0100
#31598,2026-07,Test order,paid,fulfilled,Shopify Payments,test,9.949999999999999,0,2026-07-05 20:33:00 +0100
#31620,2026-07,Test order,paid,fulfilled,Bogus Gateway (for testing),63,0,2026-07-06 10:55:00 +0100
#31750,2026-07,Cancelled / voided (never shipped),refunded,unfulfilled,Shopify Payments,72,72,2026-07-08 17:49:00 +0100
#31788,2026-07,Cancelled / voided (never shipped),refunded,unfulfilled,Shopify Payments,29.95,29.95,2026-07-09 18:22:00 +0100
#32167,2026-07,Cancelled / voided (never shipped),voided,unfulfilled,Shopify Payments,21.95,0,2026-07-17 22:54:00 +0100
#32391,2026-07,Cancelled / voided (never shipped),voided,unfulfilled,Shopify Payments,150,0,2026-07-22 13:56:00 +0100
#32393,2026-07,Cancelled / voided (never shipped),refunded,unfulfilled,Shopify Payments,19.95,19.95,2026-07-22 14:22:00 +0100
#32616,2026-07,Cancelled / voided (never shipped),voided,unfulfilled,Shopify Payments,93,0,2026-07-27 12:21:00 +0100
#32700,2026-07,Cancelled / voided (never shipped),refunded,unfulfilled,Shopify Payments,12.95,12.95,2026-07-29 13:02:00 +0100
#32723,2026-07,Test order,paid,fulfilled,Shopify Payments,test,57,0,2026-07-29 18:48:00 +0100
#32762,2026-07,Test order,paid,fulfilled,Shopify Payments,test,57,0,2026-07-30 17:45:00 +0100
#32854,2026-08,Cancelled / voided (never shipped),voided,unfulfilled,Shopify Payments,138,0,2026-08-01 15:49:00 +0100
#32872,2026-08,Test order,paid,fulfilled,Bogus Gateway (for testing),75.59999999999999,0,2026-08-01 22:28:00 +0100
#32917,2026-08,Test order,paid,fulfilled,Shopify Payments,test,94,0,2026-08-02 19:05:00 +0100
#32993,2026-08,Cancelled / voided (never shipped),voided,unfulfilled,Shopify Payments,93.5,0,2026-08-04 10:23:00 +0100
#33065,2026-08,Test order,paid,fulfilled,Shopify Payments,test,267,0,2026-08-05 18:53:00 +0100
#33276,2026-08,Cancelled / voided (never shipped),voided,unfulfilled,Shopify Payments,87,0,2026-08-09 19:44:00 +0100
#33290,2026-08,"Pre-order, paid but not shipped",paid,unfulfilled,Shopify Payments,pre-order,31.95,0,2026-08-10 08:10:00 +0100
#33318,2026-08,"Pre-order, paid but not shipped",paid,unfulfilled,Shopify Payments,pre-order,97,0,2026-08-10 16:43:00 +0100
#33322,2026-08,"Pre-order, paid but not shipped",paid,unfulfilled,Shopify Payments,pre-order,51,0,2026-08-10 17:24:00 +0100
#33331,2026-08,"Pre-order, paid but not shipped",paid,unfulfilled,Shopify Payments,pre-order,224,0,2026-08-10 19:40:00 +0100
#33337,2026-08,"Pre-order, paid but not shipped",paid,unfulfilled,Shopify Payments,pre-order,21.95,0,2026-08-10 20:39:00 +0100
#33348,2026-08,"Pre-order, paid but not shipped",paid,unfulfilled,Shopify Payments,pre-order,36.35,0,2026-08-11 07:25:00 +0100
#33356,2026-08,Cancelled / voided (never shipped),voided,unfulfilled,Shopify Payments,153,0,2026-08-11 08:48:00 +0100
#33364,2026-08,"Pre-order, paid but not shipped",paid,unfulfilled,Shopify Payments,pre-order,31.95,0,2026-08-11 11:26:00 +0100
#33382,2026-08,"Pre-order, paid but not shipped",paid,unfulfilled,Shopify Payments,pre-order,66,0,2026-08-11 16:31:00 +0100
#33415,2026-08,Test order,paid,fulfilled,Shopify Payments,test,159.3,0,2026-08-12 08:34:00 +0100
#33418,2026-08,"Pre-order, paid but not shipped",paid,unfulfilled,Shopify Payments,pre-order,93.59999999999999,0,2026-08-12 09:01:00 +0100
#33420,2026-08,Test order,paid,fulfilled,Shopify Payments,test,20.95,0,2026-08-12 09:08:00 +0100
#33431,2026-08,Cancelled / voided (never shipped),refunded,unfulfilled,Shopify Payments,12.95,12.95,2026-08-12 11:58:00 +0100
#33442,2026-08,"Pre-order, paid but not shipped",paid,unfulfilled,Shopify Payments,pre-order,12.95,0,2026-08-12 15:15:00 +0100
#33443,2026-08,Cancelled / voided (never shipped),voided,unfulfilled,Shopify Payments,37.95,0,2026-08-12 15:15:00 +0100
#33450,2026-08,"Pre-order, paid but not shipped",paid,unfulfilled,Shopify Payments,pre-order,116,0,2026-08-12 17:30:00 +0100
#33451,2026-08,"Pre-order, paid but not shipped",paid,unfulfilled,Shopify Payments,pre-order,18.95,0,2026-08-12 17:37:00 +0100
#33456,2026-08,Test order,paid,fulfilled,Bogus Gateway (for testing),102,0,2026-08-12 19:01:00 +0100
#33459,2026-08,"Pre-order, paid but not shipped",paid,unfulfilled,Shopify Payments,pre-order,25.95,0,2026-08-12 20:18:00 +0100
#33472,2026-08,"Pre-order, paid but not shipped",paid,unfulfilled,Shopify Payments,pre-order,43.95,0,2026-08-12 22:50:00 +0100
#33501,2026-08,"Pre-order, paid but not shipped",paid,unfulfilled,Shopify Payments,pre-order,27.95,0,2026-08-13 13:20:00 +0100
#33504,2026-08,"Pre-order, paid but not shipped",paid,unfulfilled,Shopify Payments,pre-order,140,0,2026-08-13 13:54:00 +0100
#33519,2026-08,"Pre-order, paid but not shipped",paid,unfulfilled,Shopify Payments,pre-order,82,0,2026-08-13 18:18:00 +0100
#33533,2026-08,"Pre-order, paid but not shipped",partially_refunded,unfulfilled,Shopify Payments,pre-order,59,17.7,2026-08-14 07:09:00 +0100
#33536,2026-08,"Pre-order, paid but not shipped",paid,unfulfilled,Shopify Payments,pre-order,28.95,0,2026-08-14 07:29:00 +0100
#33590,2026-08,"Pre-order, paid but not shipped",paid,unfulfilled,Shopify Payments,pre-order,69,0,2026-08-15 10:22:00 +0100
#33604,2026-08,"Pre-order, paid but not shipped",paid,unfulfilled,Shopify Payments,pre-order,16.55,0,2026-08-15 15:44:00 +0100
#33631,2026-08,Cancelled / voided (never shipped),voided,unfulfilled,Shopify Payments,378,0,2026-08-16 08:35:00 +0100
#33634,2026-08,Test order,paid,fulfilled,Bogus Gateway (for testing),94,0,2026-08-16 08:45:00 +0100
#33653,2026-08,"Pre-order, paid but not shipped",paid,unfulfilled,Shopify Payments,pre-order,72,0,2026-08-16 17:37:00 +0100
#33693,2026-08,"Pre-order, paid but not shipped",paid,unfulfilled,Shopify Payments,pre-order,160,0,2026-08-17 12:21:00 +0100
#33700,2026-08,"Pre-order, paid but not shipped",paid,unfulfilled,Shopify Payments,pre-order,133,0,2026-08-17 14:13:00 +0100
#33755,2026-08,"Pre-order, paid but not shipped",paid,unfulfilled,Shopify Payments,pre-order,19.95,0,2026-08-18 13:07:00 +0100
#33772,2026-08,"Pre-order, paid but not shipped",paid,unfulfilled,Shopify Payments,pre-order,29.15,0,2026-08-18 16:56:00 +0100
#33783,2026-08,"Pre-order, paid but not shipped",paid,unfulfilled,Shopify Payments,pre-order,107,0,2026-08-18 19:56:00 +0100
#33788,2026-08,"Pre-order, paid but not shipped",paid,unfulfilled,Shopify Payments,pre-order,25.55,0,2026-08-18 21:00:00 +0100
#33826,2026-08,"Pre-order, paid but not shipped",paid,unfulfilled,Shopify Payments,pre-order,82,0,2026-08-19 19:05:00 +0100
#33842,2026-08,"Pre-order, paid but not shipped",paid,unfulfilled,Shopify Payments,pre-order,41.95,0,2026-08-19 22:50:00 +0100
#33843,2026-08,"Pre-order, paid but not shipped",paid,unfulfilled,Shopify Payments,pre-order,52,0,2026-08-19 22:50:00 +0100
#33865,2026-08,"Pre-order, paid but not shipped",paid,unfulfilled,Shopify Payments,pre-order,17.95,0,2026-08-20 14:12:00 +0100
#33869,2026-08,"Pre-order, paid but not shipped",paid,unfulfilled,Shopify Payments,pre-order,183,0,2026-08-20 15:44:00 +0100
#33871,2026-08,"Pre-order, paid but not shipped",paid,unfulfilled,Shopify Payments,pre-order,85.2,0,2026-08-20 16:07:00 +0100
#33916,2026-08,"Pre-order, paid but not shipped",paid,unfulfilled,Shopify Payments,pre-order,161,0,2026-08-21 12:56:00 +0100
#33965,2026-08,"Pre-order, paid but not shipped",paid,unfulfilled,Shopify Payments,pre-order,48.95,0,2026-08-22 10:49:00 +0100
#33985,2026-08,"Pre-order, paid but not shipped",paid,unfulfilled,Shopify Payments,pre-order,30.95,0,2026-08-22 16:12:00 +0100
#34021,2026-08,"Pre-order, paid but not shipped",paid,unfulfilled,Shopify Payments,pre-order,39.95,0,2026-08-23 11:09:00 +0100
#34023,2026-08,"Pre-order, paid but not shipped",paid,unfulfilled,Shopify Payments,pre-order,39.95,0,2026-08-23 12:00:00 +0100
#34035,2026-08,"Pre-order, paid but not shipped",paid,unfulfilled,Shopify Payments,pre-order,85,0,2026-08-23 15:26:00 +0100
#34042,2026-08,"Pre-order, paid but not shipped",paid,unfulfilled,Shopify Payments,pre-order,65,0,2026-08-23 17:38:00 +0100
#34045,2026-08,"Pre-order, paid but not shipped",paid,unfulfilled,Shopify Payments,pre-order,61,0,2026-08-23 18:34:00 +0100
#34052,2026-08,"Pre-order, paid but not shipped",paid,unfulfilled,Shopify Payments,pre-order,194.5,0,2026-08-23 20:57:00 +0100
#34063,2026-08,"Pre-order, paid but not shipped",paid,unfulfilled,Shopify Payments,pre-order,35.95,0,2026-08-24 08:10:00 +0100
#34094,2026-08,"Pre-order, paid but not shipped",paid,unfulfilled,Shopify Payments,pre-order,39.95,0,2026-08-24 19:16:00 +0100
#34104,2026-08,"Pre-order, paid but not shipped",paid,unfulfilled,Shopify Payments,pre-order,15.95,0,2026-08-24 22:22:00 +0100
#34128,2026-08,"Pre-order, paid but not shipped",paid,unfulfilled,Shopify Payments,pre-order,48.95,0,2026-08-25 12:54:00 +0100
#34133,2026-08,"Pre-order, paid but not shipped",paid,unfulfilled,Shopify Payments,pre-order,117,0,2026-08-25 14:39:00 +0100
#34138,2026-08,"Pre-order, paid but not shipped",paid,unfulfilled,Shopify Payments,pre-order,70,0,2026-08-25 16:07:00 +0100
#34161,2026-08,"Pre-order, paid but not shipped",paid,unfulfilled,Shopify Payments,pre-order,141,0,2026-08-25 20:36:00 +0100
#34183,2026-08,"Pre-order, paid but not shipped",paid,unfulfilled,Shopify Payments,pre-order,28.95,0,2026-08-26 10:35:00 +0100
#34184,2026-08,"Pre-order, paid but not shipped",paid,unfulfilled,Shopify Payments,pre-order,56,0,2026-08-26 10:49:00 +0100
#34190,2026-08,"Pre-order, paid but not shipped",paid,unfulfilled,Shopify Payments,pre-order,69,0,2026-08-26 14:08:00 +0100
#34195,2026-08,"Pre-order, paid but not shipped",paid,unfulfilled,Shopify Payments,pre-order,150,0,2026-08-26 16:06:00 +0100
#34218,2026-08,"Pre-order, paid but not shipped",paid,unfulfilled,Shopify Payments,pre-order,206,0,2026-08-26 22:34:00 +0100
#34228,2026-08,"Pre-order, paid but not shipped",paid,unfulfilled,Shopify Payments,pre-order,28.95,0,2026-08-27 09:06:00 +0100
#34268,2026-08,"Pre-order, paid but not shipped",paid,unfulfilled,Shopify Payments,pre-order,51.95,0,2026-08-27 22:49:00 +0100
#34281,2026-08,"Pre-order, paid but not shipped",paid,unfulfilled,Shopify Payments,pre-order,17.95,0,2026-08-28 12:15:00 +0100
#34287,2026-08,"Pre-order, paid but not shipped",paid,unfulfilled,Shopify Payments,pre-order,33.65,0,2026-08-28 12:50:00 +0100
#34302,2026-08,"Pre-order, paid but not shipped",paid,unfulfilled,Shopify Payments,pre-order,48.95,0,2026-08-28 17:47:00 +0100
#34312,2026-08,"Pre-order, paid but not shipped",paid,unfulfilled,Shopify Payments,pre-order,12.95,0,2026-08-28 19:48:00 +0100
#34316,2026-08,"Pre-order, paid but not shipped",paid,unfulfilled,Shopify Payments,pre-order,120,0,2026-08-28 20:21:00 +0100
#34341,2026-08,"Pre-order, paid but not shipped",paid,unfulfilled,Shopify Payments,pre-order,134,0,2026-08-29 12:33:00 +0100
#34374,2026-08,"Pre-order, paid but not shipped",paid,unfulfilled,Shopify Payments,pre-order,73.5,0,2026-08-29 22:37:00 +0100
#34387,2026-08,"Pre-order, paid but not shipped",paid,unfulfilled,Shopify Payments,pre-order,17.95,0,2026-08-30 09:56:00 +0100
#34403,2026-08,"Pre-order, paid but not shipped",paid,unfulfilled,Shopify Payments,pre-order,96,0,2026-08-30 14:50:00 +0100
#34406,2026-08,Test order,paid,fulfilled,Bogus Gateway (for testing),100,0,2026-08-30 15:19:00 +0100
#34411,2026-08,"Pre-order, paid but not shipped",paid,unfulfilled,Shopify Payments,pre-order,29.95,0,2026-08-30 17:39:00 +0100
#34426,2026-08,"Pre-order, paid but not shipped",paid,unfulfilled,Shopify Payments,pre-order,39.95,0,2026-08-31 09:18:00 +0100
#34440,2026-08,"Pre-order, paid but not shipped",paid,unfulfilled,Shopify Payments,pre-order,30.95,0,2026-08-31 13:49:00 +0100
#34449,2026-08,"Pre-order, paid but not shipped",paid,unfulfilled,Shopify Payments,pre-order,32.75,0,2026-08-31 16:14:00 +0100
"Source: Shopify orders export (files/orders_export.csv), rules from store_definitions.json. Built [run date]."
