SKU,Product,Units,List price,Unit cost,Gross sales,Discounts,Refunds,Net revenue,COGS,Gross profit,Margin,Profit / unit
MO-SMP-001,Sample Votive,9,0,1.1,0,-0,-0,0,9.9,-9.9,,-1.1
MO-MAT-001,Match Cloche,33,12,4.8,396,-0,-0,396,158.4,237.6,0.6,7.2
MO-WCK-001,Wick Trimmer,27,14,5.2,378,-0,-0,378,140.4,237.6,0.6285714285714286,8.799999999999999
MO-CND-010,Travel Tin Trio,24,19.5,6.1,468,-2.241379310344827,-0,465.7586206896552,146.4,319.3586206896552,0.6856740949137484,13.3066091954023
MO-CND-002,Fig Candle 8oz,22,24,7.9,528,-2.758620689655173,-4.235294117647059,521.0060851926978,173.8,347.2060851926978,0.6664146447815118,15.78209478148626
MO-CND-001,Cedar Candle 8oz,27,24,7.4,648,-0,-2.117647058823529,645.8823529411765,199.8,446.0823529411765,0.6906557377049181,16.52156862745098
MO-DIF-001,Reed Diffuser,39,32,11.2,1248,-5,-5.647058823529411,1237.35294117647,436.8,800.5529411764705,0.6469883527454243,20.52699849170437
TOTAL,181,3666,-10,-12,3644,1265.5,2378.5,0.6527167947310648
Source: files/orders_export.csv + files/cogs.csv · built [run date]
