Order,Created,Product,SKU,Qty,Price,Gross,Discount alloc,Refund alloc,Net revenue,Unit cost,COGS
#2001,2026-08-15 14:40:00 -0400,Wick Trimmer,MO-WCK-001,1,14,14,0,0,14,5.2,5.2
#2002,2026-08-23 19:41:00 -0400,Cedar Candle 8oz,MO-CND-001,2,24,48,0,0,48,7.4,14.8
#2002,2026-08-23 19:41:00 -0400,Wick Trimmer,MO-WCK-001,2,14,28,0,0,28,5.2,10.4
#2003,2026-08-09 15:58:00 -0400,Reed Diffuser,MO-DIF-001,1,32,32,0,0,32,11.2,11.2
#2003,2026-08-09 15:58:00 -0400,Cedar Candle 8oz,MO-CND-001,1,24,24,0,0,24,7.4,7.4
#2003,2026-08-09 15:58:00 -0400,Match Cloche,MO-MAT-001,1,12,12,0,0,12,4.8,4.8
#2004,2026-08-12 09:59:00 -0400,Wick Trimmer,MO-WCK-001,1,14,14,0,0,14,5.2,5.2
#2004,2026-08-12 09:59:00 -0400,Travel Tin Trio,MO-CND-010,1,19.5,19.5,0,0,19.5,6.1,6.1
#2005,2026-08-08 08:32:00 -0400,Reed Diffuser,MO-DIF-001,2,32,64,0,0,64,11.2,22.4
#2005,2026-08-08 08:32:00 -0400,Match Cloche,MO-MAT-001,1,12,12,0,0,12,4.8,4.8
#2006,2026-08-25 17:34:00 -0400,Travel Tin Trio,MO-CND-010,1,19.5,19.5,0,0,19.5,6.1,6.1
#2007,2026-08-14 16:17:00 -0400,Wick Trimmer,MO-WCK-001,1,14,14,0,0,14,5.2,5.2
#2009,2026-08-01 16:20:00 -0400,Travel Tin Trio,MO-CND-010,2,19.5,39,0,0,39,6.1,12.2
#2010,2026-08-06 09:08:00 -0400,Match Cloche,MO-MAT-001,1,12,12,0,0,12,4.8,4.8
#2010,2026-08-06 09:08:00 -0400,Travel Tin Trio,MO-CND-010,1,19.5,19.5,0,0,19.5,6.1,6.1
#2012,2026-08-24 20:05:00 -0400,Travel Tin Trio,MO-CND-010,1,19.5,19.5,0,0,19.5,6.1,6.1
#2013,2026-08-25 14:26:00 -0400,Cedar Candle 8oz,MO-CND-001,1,24,24,0,0,24,7.4,7.4
#2013,2026-08-25 14:26:00 -0400,Sample Votive,MO-SMP-001,1,0,0,0,0,0,1.1,1.1
#2014,2026-08-11 13:00:00 -0400,Wick Trimmer,MO-WCK-001,1,14,14,0,0,14,5.2,5.2
#2015,2026-08-04 10:30:00 -0400,Reed Diffuser,MO-DIF-001,2,32,64,0,0,64,11.2,22.4
#2015,2026-08-04 10:30:00 -0400,Wick Trimmer,MO-WCK-001,1,14,14,0,0,14,5.2,5.2
#2015,2026-08-04 10:30:00 -0400,Sample Votive,MO-SMP-001,1,0,0,0,0,0,1.1,1.1
#2016,2026-08-10 13:42:00 -0400,Wick Trimmer,MO-WCK-001,2,14,28,0,0,28,5.2,10.4
#2016,2026-08-10 13:42:00 -0400,Cedar Candle 8oz,MO-CND-001,1,24,24,0,0,24,7.4,7.4
#2016,2026-08-10 13:42:00 -0400,Travel Tin Trio,MO-CND-010,1,19.5,19.5,0,0,19.5,6.1,6.1
#2017,2026-08-21 09:16:00 -0400,Reed Diffuser,MO-DIF-001,2,32,64,0,0,64,11.2,22.4
#2018,2026-08-12 16:39:00 -0400,Fig Candle 8oz,MO-CND-002,1,24,24,0,0,24,7.9,7.9
#2018,2026-08-12 16:39:00 -0400,Reed Diffuser,MO-DIF-001,1,32,32,0,0,32,11.2,11.2
#2018,2026-08-12 16:39:00 -0400,Cedar Candle 8oz,MO-CND-001,1,24,24,0,0,24,7.4,7.4
#2019,2026-08-21 17:49:00 -0400,Reed Diffuser,MO-DIF-001,1,32,32,0,0,32,11.2,11.2
#2020,2026-08-06 13:36:00 -0400,Reed Diffuser,MO-DIF-001,2,32,64,5,0,59,11.2,22.4
#2020,2026-08-06 13:36:00 -0400,Sample Votive,MO-SMP-001,1,0,0,0,0,0,1.1,1.1
#2021,2026-08-29 08:10:00 -0400,Cedar Candle 8oz,MO-CND-001,1,24,24,0,0,24,7.4,7.4
#2021,2026-08-29 08:10:00 -0400,Wick Trimmer,MO-WCK-001,2,14,28,0,0,28,5.2,10.4
#2021,2026-08-29 08:10:00 -0400,Sample Votive,MO-SMP-001,1,0,0,0,0,0,1.1,1.1
#2022,2026-08-08 08:52:00 -0400,Match Cloche,MO-MAT-001,1,12,12,0,0,12,4.8,4.8
#2023,2026-08-06 14:50:00 -0400,Match Cloche,MO-MAT-001,1,12,12,0,0,12,4.8,4.8
#2023,2026-08-06 14:50:00 -0400,Travel Tin Trio,MO-CND-010,1,19.5,19.5,0,0,19.5,6.1,6.1
#2024,2026-08-20 18:53:00 -0400,Wick Trimmer,MO-WCK-001,1,14,14,0,0,14,5.2,5.2
#2024,2026-08-20 18:53:00 -0400,Match Cloche,MO-MAT-001,1,12,12,0,0,12,4.8,4.8
#2024,2026-08-20 18:53:00 -0400,Fig Candle 8oz,MO-CND-002,1,24,24,0,0,24,7.9,7.9
#2025,2026-08-20 17:33:00 -0400,Cedar Candle 8oz,MO-CND-001,2,24,48,0,0,48,7.4,14.8
#2025,2026-08-20 17:33:00 -0400,Reed Diffuser,MO-DIF-001,1,32,32,0,0,32,11.2,11.2
#2025,2026-08-20 17:33:00 -0400,Match Cloche,MO-MAT-001,2,12,24,0,0,24,4.8,9.6
#2026,2026-08-05 18:07:00 -0400,Reed Diffuser,MO-DIF-001,1,32,32,0,0,32,11.2,11.2
#2027,2026-08-06 12:00:00 -0400,Match Cloche,MO-MAT-001,1,12,12,0,0,12,4.8,4.8
#2027,2026-08-06 12:00:00 -0400,Reed Diffuser,MO-DIF-001,2,32,64,0,0,64,11.2,22.4
#2027,2026-08-06 12:00:00 -0400,Sample Votive,MO-SMP-001,1,0,0,0,0,0,1.1,1.1
#2028,2026-08-14 14:32:00 -0400,Cedar Candle 8oz,MO-CND-001,1,24,24,0,0,24,7.4,7.4
#2028,2026-08-14 14:32:00 -0400,Match Cloche,MO-MAT-001,2,12,24,0,0,24,4.8,9.6
#2029,2026-08-29 14:10:00 -0400,Match Cloche,MO-MAT-001,1,12,12,0,0,12,4.8,4.8
#2030,2026-08-16 08:38:00 -0400,Reed Diffuser,MO-DIF-001,2,32,64,0,0,64,11.2,22.4
#2030,2026-08-16 08:38:00 -0400,Match Cloche,MO-MAT-001,1,12,12,0,0,12,4.8,4.8
#2031,2026-08-24 09:59:00 -0400,Match Cloche,MO-MAT-001,1,12,12,0,0,12,4.8,4.8
#2032,2026-08-12 16:25:00 -0400,Wick Trimmer,MO-WCK-001,1,14,14,0,0,14,5.2,5.2
#2032,2026-08-12 16:25:00 -0400,Travel Tin Trio,MO-CND-010,1,19.5,19.5,0,0,19.5,6.1,6.1
#2032,2026-08-12 16:25:00 -0400,Fig Candle 8oz,MO-CND-002,2,24,48,0,0,48,7.9,15.8
#2033,2026-08-08 13:26:00 -0400,Fig Candle 8oz,MO-CND-002,1,24,24,2.758620689655173,0,21.24137931034483,7.9,7.9
#2033,2026-08-08 13:26:00 -0400,Travel Tin Trio,MO-CND-010,1,19.5,19.5,2.241379310344827,0,17.25862068965517,6.1,6.1
#2034,2026-08-14 09:19:00 -0400,Wick Trimmer,MO-WCK-001,1,14,14,0,0,14,5.2,5.2
#2035,2026-08-09 10:31:00 -0400,Reed Diffuser,MO-DIF-001,1,32,32,0,0,32,11.2,11.2
#2035,2026-08-09 10:31:00 -0400,Fig Candle 8oz,MO-CND-002,1,24,24,0,0,24,7.9,7.9
#2035,2026-08-09 10:31:00 -0400,Cedar Candle 8oz,MO-CND-001,1,24,24,0,0,24,7.4,7.4
#2036,2026-08-18 14:01:00 -0400,Travel Tin Trio,MO-CND-010,2,19.5,39,0,0,39,6.1,12.2
#2036,2026-08-18 14:01:00 -0400,Match Cloche,MO-MAT-001,1,12,12,0,0,12,4.8,4.8
#2037,2026-08-27 13:59:00 -0400,Cedar Candle 8oz,MO-CND-001,2,24,48,0,0,48,7.4,14.8
#2037,2026-08-27 13:59:00 -0400,Match Cloche,MO-MAT-001,1,12,12,0,0,12,4.8,4.8
#2037,2026-08-27 13:59:00 -0400,Fig Candle 8oz,MO-CND-002,2,24,48,0,0,48,7.9,15.8
#2039,2026-08-20 18:03:00 -0400,Wick Trimmer,MO-WCK-001,1,14,14,0,0,14,5.2,5.2
#2039,2026-08-20 18:03:00 -0400,Sample Votive,MO-SMP-001,1,0,0,0,0,0,1.1,1.1
#2040,2026-08-25 21:46:00 -0400,Reed Diffuser,MO-DIF-001,2,32,64,0,0,64,11.2,22.4
#2040,2026-08-25 21:46:00 -0400,Travel Tin Trio,MO-CND-010,1,19.5,19.5,0,0,19.5,6.1,6.1
#2041,2026-08-09 18:50:00 -0400,Match Cloche,MO-MAT-001,2,12,24,0,0,24,4.8,9.6
#2041,2026-08-09 18:50:00 -0400,Fig Candle 8oz,MO-CND-002,2,24,48,0,0,48,7.9,15.8
#2042,2026-08-11 10:26:00 -0400,Fig Candle 8oz,MO-CND-002,1,24,24,0,0,24,7.9,7.9
#2043,2026-08-25 15:22:00 -0400,Match Cloche,MO-MAT-001,2,12,24,0,0,24,4.8,9.6
#2045,2026-08-27 17:03:00 -0400,Match Cloche,MO-MAT-001,1,12,12,0,0,12,4.8,4.8
#2046,2026-08-25 10:55:00 -0400,Wick Trimmer,MO-WCK-001,2,14,28,0,0,28,5.2,10.4
#2046,2026-08-25 10:55:00 -0400,Cedar Candle 8oz,MO-CND-001,1,24,24,0,0,24,7.4,7.4
#2046,2026-08-25 10:55:00 -0400,Travel Tin Trio,MO-CND-010,2,19.5,39,0,0,39,6.1,12.2
#2046,2026-08-25 10:55:00 -0400,Sample Votive,MO-SMP-001,1,0,0,0,0,0,1.1,1.1
#2047,2026-08-26 13:33:00 -0400,Fig Candle 8oz,MO-CND-002,1,24,24,0,0,24,7.9,7.9
#2047,2026-08-26 13:33:00 -0400,Travel Tin Trio,MO-CND-010,2,19.5,39,0,0,39,6.1,12.2
#2047,2026-08-26 13:33:00 -0400,Sample Votive,MO-SMP-001,1,0,0,0,0,0,1.1,1.1
#2048,2026-08-20 14:30:00 -0400,Match Cloche,MO-MAT-001,2,12,24,0,0,24,4.8,9.6
#2048,2026-08-20 14:30:00 -0400,Wick Trimmer,MO-WCK-001,1,14,14,0,0,14,5.2,5.2
#2049,2026-08-24 09:11:00 -0400,Reed Diffuser,MO-DIF-001,2,32,64,0,5.647058823529411,58.35294117647059,11.2,22.4
#2049,2026-08-24 09:11:00 -0400,Fig Candle 8oz,MO-CND-002,2,24,48,0,4.235294117647059,43.76470588235294,7.9,15.8
#2049,2026-08-24 09:11:00 -0400,Cedar Candle 8oz,MO-CND-001,1,24,24,0,2.117647058823529,21.88235294117647,7.4,7.4
#2050,2026-08-09 09:59:00 -0400,Travel Tin Trio,MO-CND-010,1,19.5,19.5,0,0,19.5,6.1,6.1
#2051,2026-08-19 09:05:00 -0400,Fig Candle 8oz,MO-CND-002,1,24,24,0,0,24,7.9,7.9
#2051,2026-08-19 09:05:00 -0400,Cedar Candle 8oz,MO-CND-001,1,24,24,0,0,24,7.4,7.4
#2051,2026-08-19 09:05:00 -0400,Reed Diffuser,MO-DIF-001,2,32,64,0,0,64,11.2,22.4
#2052,2026-08-30 15:00:00 -0400,Cedar Candle 8oz,MO-CND-001,1,24,24,0,0,24,7.4,7.4
#2052,2026-08-30 15:00:00 -0400,Wick Trimmer,MO-WCK-001,2,14,28,0,0,28,5.2,10.4
#2052,2026-08-30 15:00:00 -0400,Fig Candle 8oz,MO-CND-002,1,24,24,0,0,24,7.9,7.9
#2053,2026-08-17 20:21:00 -0400,Cedar Candle 8oz,MO-CND-001,2,24,48,0,0,48,7.4,14.8
#2053,2026-08-17 20:21:00 -0400,Wick Trimmer,MO-WCK-001,1,14,14,0,0,14,5.2,5.2
#2053,2026-08-17 20:21:00 -0400,Reed Diffuser,MO-DIF-001,1,32,32,0,0,32,11.2,11.2
#2054,2026-08-29 19:29:00 -0400,Fig Candle 8oz,MO-CND-002,1,24,24,0,0,24,7.9,7.9
#2054,2026-08-29 19:29:00 -0400,Match Cloche,MO-MAT-001,2,12,24,0,0,24,4.8,9.6
#2054,2026-08-29 19:29:00 -0400,Reed Diffuser,MO-DIF-001,1,32,32,0,0,32,11.2,11.2
#2055,2026-08-03 11:07:00 -0400,Travel Tin Trio,MO-CND-010,1,19.5,19.5,0,0,19.5,6.1,6.1
#2055,2026-08-03 11:07:00 -0400,Reed Diffuser,MO-DIF-001,2,32,64,0,0,64,11.2,22.4
#2056,2026-08-09 21:06:00 -0400,Wick Trimmer,MO-WCK-001,1,14,14,0,0,14,5.2,5.2
#2057,2026-08-16 08:10:00 -0400,Cedar Candle 8oz,MO-CND-001,1,24,24,0,0,24,7.4,7.4
#2057,2026-08-16 08:10:00 -0400,Match Cloche,MO-MAT-001,2,12,24,0,0,24,4.8,9.6
#2058,2026-08-03 17:24:00 -0400,Cedar Candle 8oz,MO-CND-001,1,24,24,0,0,24,7.4,7.4
#2058,2026-08-03 17:24:00 -0400,Reed Diffuser,MO-DIF-001,2,32,64,0,0,64,11.2,22.4
#2058,2026-08-03 17:24:00 -0400,Match Cloche,MO-MAT-001,1,12,12,0,0,12,4.8,4.8
#2059,2026-08-05 17:15:00 -0400,Cedar Candle 8oz,MO-CND-001,2,24,48,0,0,48,7.4,14.8
#2059,2026-08-05 17:15:00 -0400,Match Cloche,MO-MAT-001,2,12,24,0,0,24,4.8,9.6
#2060,2026-08-16 19:41:00 -0400,Fig Candle 8oz,MO-CND-002,2,24,48,0,0,48,7.9,15.8
#2061,2026-08-03 14:48:00 -0400,Cedar Candle 8oz,MO-CND-001,2,24,48,0,0,48,7.4,14.8
#2062,2026-08-11 12:09:00 -0400,Cedar Candle 8oz,MO-CND-001,1,24,24,0,0,24,7.4,7.4
#2063,2026-08-24 17:16:00 -0400,Reed Diffuser,MO-DIF-001,1,32,32,0,0,32,11.2,11.2
#2063,2026-08-24 17:16:00 -0400,Match Cloche,MO-MAT-001,1,12,12,0,0,12,4.8,4.8
#2063,2026-08-24 17:16:00 -0400,Wick Trimmer,MO-WCK-001,1,14,14,0,0,14,5.2,5.2
#2063,2026-08-24 17:16:00 -0400,Sample Votive,MO-SMP-001,1,0,0,0,0,0,1.1,1.1
#2064,2026-08-26 19:10:00 -0400,Reed Diffuser,MO-DIF-001,2,32,64,0,0,64,11.2,22.4
#2064,2026-08-26 19:10:00 -0400,Cedar Candle 8oz,MO-CND-001,1,24,24,0,0,24,7.4,7.4
#2064,2026-08-26 19:10:00 -0400,Travel Tin Trio,MO-CND-010,2,19.5,39,0,0,39,6.1,12.2
#2065,2026-08-14 20:47:00 -0400,Match Cloche,MO-MAT-001,1,12,12,0,0,12,4.8,4.8
#2065,2026-08-14 20:47:00 -0400,Wick Trimmer,MO-WCK-001,1,14,14,0,0,14,5.2,5.2
#2066,2026-08-31 16:05:00 -0400,Reed Diffuser,MO-DIF-001,2,32,64,0,0,64,11.2,22.4
#2066,2026-08-31 16:05:00 -0400,Fig Candle 8oz,MO-CND-002,2,24,48,0,0,48,7.9,15.8
#2066,2026-08-31 16:05:00 -0400,Wick Trimmer,MO-WCK-001,2,14,28,0,0,28,5.2,10.4
#2067,2026-08-30 20:40:00 -0400,Travel Tin Trio,MO-CND-010,2,19.5,39,0,0,39,6.1,12.2
#2068,2026-08-09 11:10:00 -0400,Reed Diffuser,MO-DIF-001,2,32,64,0,0,64,11.2,22.4
#2069,2026-08-05 16:10:00 -0400,Wick Trimmer,MO-WCK-001,1,14,14,0,0,14,5.2,5.2
#2069,2026-08-05 16:10:00 -0400,Match Cloche,MO-MAT-001,1,12,12,0,0,12,4.8,4.8
#2070,2026-08-19 18:57:00 -0400,Reed Diffuser,MO-DIF-001,2,32,64,0,0,64,11.2,22.4
#2070,2026-08-19 18:57:00 -0400,Travel Tin Trio,MO-CND-010,1,19.5,19.5,0,0,19.5,6.1,6.1
#2070,2026-08-19 18:57:00 -0400,Fig Candle 8oz,MO-CND-002,1,24,24,0,0,24,7.9,7.9
Source: files/orders_export.csv + files/cogs.csv · built [run date]
