Order,Created at,Financial Status,Payment Method,Merchandise,Discount Amount,Shipping,Taxes,Total,Refunded Amount,Ret product,Ret shipping,Ret tax
#2001,2026-08-15 14:40:00 -0400,paid,Shopify Payments,14,0,6.95,1.52,22.47,0,0,0,0
#2002,2026-08-23 19:41:00 -0400,paid,Shopify Payments,76,0,0,5.51,81.51000000000001,0,0,0,0
#2003,2026-08-09 15:58:00 -0400,paid,Shopify Payments,68,0,0,4.93,72.93000000000001,0,0,0,0
#2004,2026-08-12 09:59:00 -0400,paid,Shopify Payments,33.5,0,6.95,2.93,43.38,0,0,0,0
#2005,2026-08-08 08:32:00 -0400,paid,Shopify Payments,76,0,0,5.51,81.51000000000001,0,0,0,0
#2006,2026-08-25 17:34:00 -0400,paid,Shopify Payments,19.5,0,6.95,1.92,28.37,0,0,0,0
#2007,2026-08-14 16:17:00 -0400,paid,Shopify Payments,14,0,6.95,1.52,22.47,0,0,0,0
#2009,2026-08-01 16:20:00 -0400,paid,Shopify Payments,39,0,6.95,3.33,49.28,0,0,0,0
#2010,2026-08-06 09:08:00 -0400,paid,Shopify Payments,31.5,0,6.95,2.79,41.24,0,0,0,0
#2012,2026-08-24 20:05:00 -0400,paid,Shopify Payments,19.5,0,6.95,1.92,28.37,0,0,0,0
#2013,2026-08-25 14:26:00 -0400,paid,Shopify Payments,24,0,6.95,2.24,33.19,0,0,0,0
#2014,2026-08-11 13:00:00 -0400,paid,Shopify Payments,14,0,6.95,1.52,22.47,0,0,0,0
#2015,2026-08-04 10:30:00 -0400,paid,Shopify Payments,78,0,0,5.66,83.66,0,0,0,0
#2016,2026-08-10 13:42:00 -0400,paid,Shopify Payments,71.5,0,0,5.18,76.68000000000001,0,0,0,0
#2017,2026-08-21 09:16:00 -0400,paid,Shopify Payments,64,0,0,4.64,68.64,0,0,0,0
#2018,2026-08-12 16:39:00 -0400,paid,Shopify Payments,80,0,0,5.8,85.8,0,0,0,0
#2019,2026-08-21 17:49:00 -0400,paid,Shopify Payments,32,0,6.95,2.82,41.77,0,0,0,0
#2020,2026-08-06 13:36:00 -0400,paid,Shopify Payments,64,5,0,4.28,63.28,0,0,0,0
#2021,2026-08-29 08:10:00 -0400,paid,Shopify Payments,52,0,0,3.77,55.77,0,0,0,0
#2022,2026-08-08 08:52:00 -0400,paid,Shopify Payments,12,0,6.95,1.37,20.32,0,0,0,0
#2023,2026-08-06 14:50:00 -0400,paid,Shopify Payments,31.5,0,6.95,2.79,41.24,0,0,0,0
#2024,2026-08-20 18:53:00 -0400,paid,Shopify Payments,50,0,0,3.63,53.63,0,0,0,0
#2025,2026-08-20 17:33:00 -0400,paid,Shopify Payments,104,0,0,7.54,111.54,0,0,0,0
#2026,2026-08-05 18:07:00 -0400,paid,Shopify Payments,32,0,6.95,2.82,41.77,0,0,0,0
#2027,2026-08-06 12:00:00 -0400,paid,Shopify Payments,76,0,0,5.51,81.51000000000001,0,0,0,0
#2028,2026-08-14 14:32:00 -0400,paid,Shopify Payments,48,0,6.95,3.98,58.93,0,0,0,0
#2029,2026-08-29 14:10:00 -0400,paid,Shopify Payments,12,0,6.95,1.37,20.32,0,0,0,0
#2030,2026-08-16 08:38:00 -0400,paid,Shopify Payments,76,0,0,5.51,81.51000000000001,0,0,0,0
#2031,2026-08-24 09:59:00 -0400,paid,Shopify Payments,12,0,6.95,1.37,20.32,0,0,0,0
#2032,2026-08-12 16:25:00 -0400,paid,Shopify Payments,81.5,0,0,5.91,87.41,0,0,0,0
#2033,2026-08-08 13:26:00 -0400,paid,Shopify Payments,43.5,5,6.95,3.3,48.75,0,0,0,0
#2034,2026-08-14 09:19:00 -0400,paid,Shopify Payments,14,0,6.95,1.52,22.47,0,0,0,0
#2035,2026-08-09 10:31:00 -0400,paid,Shopify Payments,80,0,0,5.8,85.8,0,0,0,0
#2036,2026-08-18 14:01:00 -0400,paid,Shopify Payments,51,0,0,3.7,54.7,0,0,0,0
#2037,2026-08-27 13:59:00 -0400,paid,Shopify Payments,108,0,0,7.83,115.83,0,0,0,0
#2038,2026-08-05 09:07:00 -0400,refunded,Shopify Payments,36,0,6.95,3.11,46.06,46.06,36,6.95,3.11
#2039,2026-08-20 18:03:00 -0400,paid,Shopify Payments,14,0,6.95,1.52,22.47,0,0,0,0
#2040,2026-08-25 21:46:00 -0400,paid,Shopify Payments,83.5,0,0,6.05,89.55,0,0,0,0
#2041,2026-08-09 18:50:00 -0400,paid,Shopify Payments,72,0,0,5.22,77.22,0,0,0,0
#2042,2026-08-11 10:26:00 -0400,paid,Shopify Payments,24,0,6.95,2.24,33.19,0,0,0,0
#2043,2026-08-25 15:22:00 -0400,paid,Shopify Payments,24,0,6.95,2.24,33.19,0,0,0,0
#2045,2026-08-27 17:03:00 -0400,paid,Shopify Payments,12,0,6.95,1.37,20.32,0,0,0,0
#2046,2026-08-25 10:55:00 -0400,paid,Shopify Payments,91,0,0,6.6,97.59999999999999,0,0,0,0
#2047,2026-08-26 13:33:00 -0400,paid,Shopify Payments,63,0,0,4.57,67.56999999999999,0,0,0,0
#2048,2026-08-20 14:30:00 -0400,paid,Shopify Payments,38,0,6.95,3.26,48.21,0,0,0,0
#2049,2026-08-24 09:11:00 -0400,partially_refunded,Shopify Payments,136,0,0,9.859999999999999,145.86,12,12,0,0
#2050,2026-08-09 09:59:00 -0400,paid,Shopify Payments,19.5,0,6.95,1.92,28.37,0,0,0,0
#2051,2026-08-19 09:05:00 -0400,paid,"Gift card, Shopify Payments",112,0,0,8.119999999999999,120.12,0,0,0,0
#2052,2026-08-30 15:00:00 -0400,paid,Shopify Payments,76,0,0,5.51,81.51000000000001,0,0,0,0
#2053,2026-08-17 20:21:00 -0400,paid,Shopify Payments,94,0,0,6.82,100.82,0,0,0,0
#2054,2026-08-29 19:29:00 -0400,paid,Shopify Payments,80,0,0,5.8,85.8,0,0,0,0
#2055,2026-08-03 11:07:00 -0400,paid,Shopify Payments,83.5,0,0,6.05,89.55,0,0,0,0
#2056,2026-08-09 21:06:00 -0400,paid,Shopify Payments,14,0,6.95,1.52,22.47,0,0,0,0
#2057,2026-08-16 08:10:00 -0400,paid,Shopify Payments,48,0,6.95,3.98,58.93,0,0,0,0
#2058,2026-08-03 17:24:00 -0400,paid,Shopify Payments,100,0,0,7.25,107.25,0,0,0,0
#2059,2026-08-05 17:15:00 -0400,paid,Shopify Payments,72,0,0,5.22,77.22,0,0,0,0
#2060,2026-08-16 19:41:00 -0400,paid,Shopify Payments,48,0,6.95,3.98,58.93,0,0,0,0
#2061,2026-08-03 14:48:00 -0400,paid,Shopify Payments,48,0,6.95,3.98,58.93,0,0,0,0
#2062,2026-08-11 12:09:00 -0400,paid,Shopify Payments,24,0,6.95,2.24,33.19,0,0,0,0
#2063,2026-08-24 17:16:00 -0400,paid,Shopify Payments,58,0,0,4.21,62.21,0,0,0,0
#2064,2026-08-26 19:10:00 -0400,paid,Shopify Payments,127,0,0,9.210000000000001,136.21,0,0,0,0
#2065,2026-08-14 20:47:00 -0400,paid,Shopify Payments,26,0,6.95,2.39,35.34,0,0,0,0
#2066,2026-08-31 16:05:00 -0400,paid,Shopify Payments,140,0,0,10.15,150.15,0,0,0,0
#2067,2026-08-30 20:40:00 -0400,paid,Shopify Payments,39,0,6.95,3.33,49.28,0,0,0,0
#2068,2026-08-09 11:10:00 -0400,paid,Shopify Payments,64,0,0,4.64,68.64,0,0,0,0
#2069,2026-08-05 16:10:00 -0400,paid,Shopify Payments,26,0,6.95,2.39,35.34,0,0,0,0
#2070,2026-08-19 18:57:00 -0400,paid,Shopify Payments,107.5,0,0,7.79,115.29,0,0,0,0

Source: Shopify orders export (orders_export.csv) · built [run date]
TOTAL,3702,10,229.35,284.28,4205.63,58.06,48,6.95,3.11
