SKU,Product,Units,Unit price,Gross sales,Share of gross,Orders
MO-DIF-001,Reed Diffuser,39,32,1248,0.3371150729335494,24
MO-CND-001,Cedar Candle 8oz,28,24,672,0.1815235008103728,22
MO-CND-002,Fig Candle 8oz,22,24,528,0.1426256077795786,16
MO-CND-010,Travel Tin Trio,24,19.5,468,0.126418152350081,18
MO-MAT-001,Match Cloche,34,12,408,0.1102106969205835,26
MO-WCK-001,Wick Trimmer,27,14,378,0.1021069692058347,21
MO-SMP-001,Sample Votive,9,0,0,0,9

Source: Shopify orders export (orders_export.csv) · built [run date]
