Metric,Jun 2026,Jul 2026,Aug 2026
Orders counted,1339,1468,1555
Gross product sales,79457,83389.5,87503.75
Discounts,-929.8166666666667,-1003.108333333333,-997.5666666666668
Refunds,-1952.425525560677,-2926.245432417781,-1376.858142677124
Net sales (revenue),76574.75780777265,79460.14623424888,85129.32519065621
Average order value,57.18801927391534,54.12816500970632,54.7455467464027
Shipping charged (not revenue),1971.700525560677,2274.862099084448,2386.783142677124
Output VAT (on sales + shipping),15709.29166666666,16347.00166666666,17503.22166666666
Customer receipts incl. VAT & shipping,94255.75,98082.01000000001,105019.33
Refunded orders,62,83,45

"Source: Shopify orders export (orders_export.csv), rules per store_definitions.json. Built [run date]."
