Metric,August 2026,July 2026,Change,Change %
Orders counted,1555,1468,87,0.05926430517711172
Gross product sales,87503.75,83389.5,4114.25,0.04933774635895406
Discounts,-997.5666666666668,-1003.108333333333,5.541666666666515,-0.00552449469565419
Refunds,-1376.858142677124,-2926.245432417781,1549.387289740657,-0.5294796098017285
Net sales (revenue),85129.32519065621,79460.14623424888,5669.178956407326,0.07134619334445422
Average order value,54.7455467464027,54.12816500970632,0.6173817366963803,0.01140592400621138
Shipping charged (not revenue),2386.783142677124,2274.862099084448,111.9210435926766,0.04919904535651672
Output VAT (on sales + shipping),17503.22166666666,16347.00166666666,1156.220000000001,0.07072979030507234
Customer receipts incl. VAT & shipping,105019.33,98082.01000000001,6937.319999999978,0.07072979030507202
Refunded orders,45,83,-38,-0.4578313253012048

"Source: Shopify orders export (orders_export.csv), rules per store_definitions.json. Built [run date]."
