Order,Created at,Reason,Financial status,Fulfillment,Tags,Payment method,Total incl VAT
#30044,2026-06-01 20:48:00 +0100,voided,voided,unfulfilled,Shopify Payments,48.95
#30141,2026-06-03 22:29:00 +0100,voided,voided,unfulfilled,Shopify Payments,176
#30188,2026-06-05 07:59:00 +0100,test order,paid,fulfilled,test,Shopify Payments,77.22
#30191,2026-06-05 09:51:00 +0100,cancelled,refunded,unfulfilled,Shopify Payments,41.95
#30315,2026-06-08 08:46:00 +0100,voided,voided,unfulfilled,Shopify Payments,34.95
#30657,2026-06-15 21:02:00 +0100,test order,paid,fulfilled,Bogus Gateway (for testing),14.95
#30739,2026-06-17 14:30:00 +0100,cancelled,refunded,unfulfilled,Shopify Payments,52
#30932,2026-06-21 21:57:00 +0100,test order,paid,fulfilled,test,Shopify Payments,32.95
#30982,2026-06-23 09:39:00 +0100,voided,voided,unfulfilled,Shopify Payments,13.55
#31259,2026-06-28 21:27:00 +0100,voided,voided,unfulfilled,Shopify Payments,33.45
#31327,2026-06-30 12:19:00 +0100,cancelled,refunded,unfulfilled,Shopify Payments,76
#31404,2026-07-02 09:38:00 +0100,test order,paid,fulfilled,Bogus Gateway (for testing),248
#31598,2026-07-05 20:33:00 +0100,test order,paid,fulfilled,test,Shopify Payments,9.949999999999999
#31620,2026-07-06 10:55:00 +0100,test order,paid,fulfilled,Bogus Gateway (for testing),63
#31750,2026-07-08 17:49:00 +0100,cancelled,refunded,unfulfilled,Shopify Payments,72
#31788,2026-07-09 18:22:00 +0100,cancelled,refunded,unfulfilled,Shopify Payments,29.95
#32167,2026-07-17 22:54:00 +0100,voided,voided,unfulfilled,Shopify Payments,21.95
#32391,2026-07-22 13:56:00 +0100,voided,voided,unfulfilled,Shopify Payments,150
#32393,2026-07-22 14:22:00 +0100,cancelled,refunded,unfulfilled,Shopify Payments,19.95
#32616,2026-07-27 12:21:00 +0100,voided,voided,unfulfilled,Shopify Payments,93
#32700,2026-07-29 13:02:00 +0100,cancelled,refunded,unfulfilled,Shopify Payments,12.95
#32723,2026-07-29 18:48:00 +0100,test order,paid,fulfilled,test,Shopify Payments,57
#32762,2026-07-30 17:45:00 +0100,test order,paid,fulfilled,test,Shopify Payments,57
#32854,2026-08-01 15:49:00 +0100,voided,voided,unfulfilled,Shopify Payments,138
#32872,2026-08-01 22:28:00 +0100,test order,paid,fulfilled,Bogus Gateway (for testing),75.59999999999999
#32917,2026-08-02 19:05:00 +0100,test order,paid,fulfilled,test,Shopify Payments,94
#32993,2026-08-04 10:23:00 +0100,voided,voided,unfulfilled,Shopify Payments,93.5
#33065,2026-08-05 18:53:00 +0100,test order,paid,fulfilled,test,Shopify Payments,267
#33276,2026-08-09 19:44:00 +0100,voided,voided,unfulfilled,Shopify Payments,87
#33290,2026-08-10 08:10:00 +0100,not shipped (pre-order/unfulfilled),paid,unfulfilled,pre-order,Shopify Payments,31.95
#33318,2026-08-10 16:43:00 +0100,not shipped (pre-order/unfulfilled),paid,unfulfilled,pre-order,Shopify Payments,97
#33322,2026-08-10 17:24:00 +0100,not shipped (pre-order/unfulfilled),paid,unfulfilled,pre-order,Shopify Payments,51
#33331,2026-08-10 19:40:00 +0100,not shipped (pre-order/unfulfilled),paid,unfulfilled,pre-order,Shopify Payments,224
#33337,2026-08-10 20:39:00 +0100,not shipped (pre-order/unfulfilled),paid,unfulfilled,pre-order,Shopify Payments,21.95
#33348,2026-08-11 07:25:00 +0100,not shipped (pre-order/unfulfilled),paid,unfulfilled,pre-order,Shopify Payments,36.35
#33356,2026-08-11 08:48:00 +0100,voided,voided,unfulfilled,Shopify Payments,153
#33364,2026-08-11 11:26:00 +0100,not shipped (pre-order/unfulfilled),paid,unfulfilled,pre-order,Shopify Payments,31.95
#33382,2026-08-11 16:31:00 +0100,not shipped (pre-order/unfulfilled),paid,unfulfilled,pre-order,Shopify Payments,66
#33415,2026-08-12 08:34:00 +0100,test order,paid,fulfilled,test,Shopify Payments,159.3
#33418,2026-08-12 09:01:00 +0100,not shipped (pre-order/unfulfilled),paid,unfulfilled,pre-order,Shopify Payments,93.59999999999999
#33420,2026-08-12 09:08:00 +0100,test order,paid,fulfilled,test,Shopify Payments,20.95
#33431,2026-08-12 11:58:00 +0100,cancelled,refunded,unfulfilled,Shopify Payments,12.95
#33442,2026-08-12 15:15:00 +0100,not shipped (pre-order/unfulfilled),paid,unfulfilled,pre-order,Shopify Payments,12.95
#33443,2026-08-12 15:15:00 +0100,voided,voided,unfulfilled,Shopify Payments,37.95
#33450,2026-08-12 17:30:00 +0100,not shipped (pre-order/unfulfilled),paid,unfulfilled,pre-order,Shopify Payments,116
#33451,2026-08-12 17:37:00 +0100,not shipped (pre-order/unfulfilled),paid,unfulfilled,pre-order,Shopify Payments,18.95
#33456,2026-08-12 19:01:00 +0100,test order,paid,fulfilled,Bogus Gateway (for testing),102
#33459,2026-08-12 20:18:00 +0100,not shipped (pre-order/unfulfilled),paid,unfulfilled,pre-order,Shopify Payments,25.95
#33472,2026-08-12 22:50:00 +0100,not shipped (pre-order/unfulfilled),paid,unfulfilled,pre-order,Shopify Payments,43.95
#33501,2026-08-13 13:20:00 +0100,not shipped (pre-order/unfulfilled),paid,unfulfilled,pre-order,Shopify Payments,27.95
#33504,2026-08-13 13:54:00 +0100,not shipped (pre-order/unfulfilled),paid,unfulfilled,pre-order,Shopify Payments,140
#33519,2026-08-13 18:18:00 +0100,not shipped (pre-order/unfulfilled),paid,unfulfilled,pre-order,Shopify Payments,82
#33533,2026-08-14 07:09:00 +0100,not shipped (pre-order/unfulfilled),partially_refunded,unfulfilled,pre-order,Shopify Payments,59
#33536,2026-08-14 07:29:00 +0100,not shipped (pre-order/unfulfilled),paid,unfulfilled,pre-order,Shopify Payments,28.95
#33590,2026-08-15 10:22:00 +0100,not shipped (pre-order/unfulfilled),paid,unfulfilled,pre-order,Shopify Payments,69
#33604,2026-08-15 15:44:00 +0100,not shipped (pre-order/unfulfilled),paid,unfulfilled,pre-order,Shopify Payments,16.55
#33631,2026-08-16 08:35:00 +0100,voided,voided,unfulfilled,Shopify Payments,378
#33634,2026-08-16 08:45:00 +0100,test order,paid,fulfilled,Bogus Gateway (for testing),94
#33653,2026-08-16 17:37:00 +0100,not shipped (pre-order/unfulfilled),paid,unfulfilled,pre-order,Shopify Payments,72
#33693,2026-08-17 12:21:00 +0100,not shipped (pre-order/unfulfilled),paid,unfulfilled,pre-order,Shopify Payments,160
#33700,2026-08-17 14:13:00 +0100,not shipped (pre-order/unfulfilled),paid,unfulfilled,pre-order,Shopify Payments,133
#33755,2026-08-18 13:07:00 +0100,not shipped (pre-order/unfulfilled),paid,unfulfilled,pre-order,Shopify Payments,19.95
#33772,2026-08-18 16:56:00 +0100,not shipped (pre-order/unfulfilled),paid,unfulfilled,pre-order,Shopify Payments,29.15
#33783,2026-08-18 19:56:00 +0100,not shipped (pre-order/unfulfilled),paid,unfulfilled,pre-order,Shopify Payments,107
#33788,2026-08-18 21:00:00 +0100,not shipped (pre-order/unfulfilled),paid,unfulfilled,pre-order,Shopify Payments,25.55
#33826,2026-08-19 19:05:00 +0100,not shipped (pre-order/unfulfilled),paid,unfulfilled,pre-order,Shopify Payments,82
#33842,2026-08-19 22:50:00 +0100,not shipped (pre-order/unfulfilled),paid,unfulfilled,pre-order,Shopify Payments,41.95
#33843,2026-08-19 22:50:00 +0100,not shipped (pre-order/unfulfilled),paid,unfulfilled,pre-order,Shopify Payments,52
#33865,2026-08-20 14:12:00 +0100,not shipped (pre-order/unfulfilled),paid,unfulfilled,pre-order,Shopify Payments,17.95
#33869,2026-08-20 15:44:00 +0100,not shipped (pre-order/unfulfilled),paid,unfulfilled,pre-order,Shopify Payments,183
#33871,2026-08-20 16:07:00 +0100,not shipped (pre-order/unfulfilled),paid,unfulfilled,pre-order,Shopify Payments,85.2
#33916,2026-08-21 12:56:00 +0100,not shipped (pre-order/unfulfilled),paid,unfulfilled,pre-order,Shopify Payments,161
#33965,2026-08-22 10:49:00 +0100,not shipped (pre-order/unfulfilled),paid,unfulfilled,pre-order,Shopify Payments,48.95
#33985,2026-08-22 16:12:00 +0100,not shipped (pre-order/unfulfilled),paid,unfulfilled,pre-order,Shopify Payments,30.95
#34021,2026-08-23 11:09:00 +0100,not shipped (pre-order/unfulfilled),paid,unfulfilled,pre-order,Shopify Payments,39.95
#34023,2026-08-23 12:00:00 +0100,not shipped (pre-order/unfulfilled),paid,unfulfilled,pre-order,Shopify Payments,39.95
#34035,2026-08-23 15:26:00 +0100,not shipped (pre-order/unfulfilled),paid,unfulfilled,pre-order,Shopify Payments,85
#34042,2026-08-23 17:38:00 +0100,not shipped (pre-order/unfulfilled),paid,unfulfilled,pre-order,Shopify Payments,65
#34045,2026-08-23 18:34:00 +0100,not shipped (pre-order/unfulfilled),paid,unfulfilled,pre-order,Shopify Payments,61
#34052,2026-08-23 20:57:00 +0100,not shipped (pre-order/unfulfilled),paid,unfulfilled,pre-order,Shopify Payments,194.5
#34063,2026-08-24 08:10:00 +0100,not shipped (pre-order/unfulfilled),paid,unfulfilled,pre-order,Shopify Payments,35.95
#34094,2026-08-24 19:16:00 +0100,not shipped (pre-order/unfulfilled),paid,unfulfilled,pre-order,Shopify Payments,39.95
#34104,2026-08-24 22:22:00 +0100,not shipped (pre-order/unfulfilled),paid,unfulfilled,pre-order,Shopify Payments,15.95
#34128,2026-08-25 12:54:00 +0100,not shipped (pre-order/unfulfilled),paid,unfulfilled,pre-order,Shopify Payments,48.95
#34133,2026-08-25 14:39:00 +0100,not shipped (pre-order/unfulfilled),paid,unfulfilled,pre-order,Shopify Payments,117
#34138,2026-08-25 16:07:00 +0100,not shipped (pre-order/unfulfilled),paid,unfulfilled,pre-order,Shopify Payments,70
#34161,2026-08-25 20:36:00 +0100,not shipped (pre-order/unfulfilled),paid,unfulfilled,pre-order,Shopify Payments,141
#34183,2026-08-26 10:35:00 +0100,not shipped (pre-order/unfulfilled),paid,unfulfilled,pre-order,Shopify Payments,28.95
#34184,2026-08-26 10:49:00 +0100,not shipped (pre-order/unfulfilled),paid,unfulfilled,pre-order,Shopify Payments,56
#34190,2026-08-26 14:08:00 +0100,not shipped (pre-order/unfulfilled),paid,unfulfilled,pre-order,Shopify Payments,69
#34195,2026-08-26 16:06:00 +0100,not shipped (pre-order/unfulfilled),paid,unfulfilled,pre-order,Shopify Payments,150
#34218,2026-08-26 22:34:00 +0100,not shipped (pre-order/unfulfilled),paid,unfulfilled,pre-order,Shopify Payments,206
#34228,2026-08-27 09:06:00 +0100,not shipped (pre-order/unfulfilled),paid,unfulfilled,pre-order,Shopify Payments,28.95
#34268,2026-08-27 22:49:00 +0100,not shipped (pre-order/unfulfilled),paid,unfulfilled,pre-order,Shopify Payments,51.95
#34281,2026-08-28 12:15:00 +0100,not shipped (pre-order/unfulfilled),paid,unfulfilled,pre-order,Shopify Payments,17.95
#34287,2026-08-28 12:50:00 +0100,not shipped (pre-order/unfulfilled),paid,unfulfilled,pre-order,Shopify Payments,33.65
#34302,2026-08-28 17:47:00 +0100,not shipped (pre-order/unfulfilled),paid,unfulfilled,pre-order,Shopify Payments,48.95
#34312,2026-08-28 19:48:00 +0100,not shipped (pre-order/unfulfilled),paid,unfulfilled,pre-order,Shopify Payments,12.95
#34316,2026-08-28 20:21:00 +0100,not shipped (pre-order/unfulfilled),paid,unfulfilled,pre-order,Shopify Payments,120
#34341,2026-08-29 12:33:00 +0100,not shipped (pre-order/unfulfilled),paid,unfulfilled,pre-order,Shopify Payments,134
#34374,2026-08-29 22:37:00 +0100,not shipped (pre-order/unfulfilled),paid,unfulfilled,pre-order,Shopify Payments,73.5
#34387,2026-08-30 09:56:00 +0100,not shipped (pre-order/unfulfilled),paid,unfulfilled,pre-order,Shopify Payments,17.95
#34403,2026-08-30 14:50:00 +0100,not shipped (pre-order/unfulfilled),paid,unfulfilled,pre-order,Shopify Payments,96
#34406,2026-08-30 15:19:00 +0100,test order,paid,fulfilled,Bogus Gateway (for testing),100
#34411,2026-08-30 17:39:00 +0100,not shipped (pre-order/unfulfilled),paid,unfulfilled,pre-order,Shopify Payments,29.95
#34426,2026-08-31 09:18:00 +0100,not shipped (pre-order/unfulfilled),paid,unfulfilled,pre-order,Shopify Payments,39.95
#34440,2026-08-31 13:49:00 +0100,not shipped (pre-order/unfulfilled),paid,unfulfilled,pre-order,Shopify Payments,30.95
#34449,2026-08-31 16:14:00 +0100,not shipped (pre-order/unfulfilled),paid,unfulfilled,pre-order,Shopify Payments,32.75
"Source: orders_export.csv + cogs.csv (uploaded). Built [run date]. Revenue ex 20% VAT, ex shipping, net of discounts and refunds."
